Protein ID (Uniprot)	Gene Symbol	# of quantified peptides	A1	A2	A3	A4	A5	A6	A7	A8	A9
sp|A2AGT5|CKAP5_MOUSE	Ckap5	1	128.792	128.789	171.498	92.1712	105.146	109.604	180.175	173.672	218.612
sp|A2AKX3|SETX_MOUSE	Setx	78	27724	23770.6	24509.1	15874.9	16186.7	15630.5	12041.4	11462.7	12577.6
sp|A2BE28|LAS1L_MOUSE	Las1l	1	76.9123	83.9182	120.571	92.967	88.6631	71.285	127.528	134.498	191.854
sp|A2RSY6|TRM1L_MOUSE	Trmt1l	4	420.301	400.586	463.977	749.119	1014.77	1031.91	921.726	843.179	1029.73
sp|A2RTL5|RSRC2_MOUSE	Rsrc2	1	40.4137	45.6014	50.0381	20.3018	14.2872	25.4215	187.694	170.306	204.752
sp|B1AQJ2|UBP36_MOUSE	Usp36	1	293.819	269.247	275.743	369.233	464.013	465.223	274.23	349.979	423.014
sp|B2RQC6|PYR1_MOUSE	Cad	8	1066.77	957.531	961.054	732.691	926.946	883.584	1341.2	1353.52	1667.67
sp|B2RRE7|OTUD4_MOUSE	Otud4	20	4135.94	4280.82	5689.84	3912.69	3899.5	3927.61	2185.46	1964.24	2325
sp|B2RY56|RBM25_MOUSE	Rbm25	2	536.965	581.656	813.054	480.753	515.38	529.447	621.386	750.844	896.011
sp|E9Q634|MYO1E_MOUSE	Myo1e	2	824.441	683.304	875.892	443.742	378.684	456.797	228.408	246.192	325.776
sp|G5E870|TRIPC_MOUSE	Trip12	3	294.59	299.282	414.43	333.552	292.895	325.774	413.869	435.109	551.208
sp|O08810|U5S1_MOUSE	Eftud2	6	885.519	911.085	1219.88	703.012	2377.11	904.774	2209.04	2125.8	2656.15
sp|O08856|ELL_MOUSE	Ell	4	1338.75	1295.23	1944.69	729.218	735.972	741.124	788.546	714.885	909.256
sp|O08908|P85B_MOUSE	Pik3r2	1	25.4876	25.0005	37.8787	35.056	44.5644	36.7186	56.3645	47.4833	60.629
sp|O09167|RL21_MOUSE	Rpl21	33	10051.3	10804.4	17183.2	15747.8	18704.1	16583	12986.6	16730.5	18515.7
sp|O35130|NEP1_MOUSE	Emg1	2	270.757	268.047	289.096	239.515	226.959	305.264	448.866	474.35	536.969
sp|O35226|PSMD4_MOUSE	Psmd4	3	625.513	610.137	730.057	407.308	363.033	482.59	1000.58	868.122	1007.07
sp|O35286|DHX15_MOUSE	Dhx15	7	995.944	969.657	1230.15	1331.51	801.844	1005.88	2062.98	1976.05	2314.38
sp|O35326|SRSF5_MOUSE	Srsf5	3	677.742	656.062	838.226	782.971	845.421	861.925	775.312	790.262	1035.8
sp|O35344|IMA4_MOUSE	Kpna3	1	211.839	241.664	269.374	465.194	530.22	501.817	439.387	402.482	447.889
sp|O35345|IMA7_MOUSE	Kpna6	1	14.622	18.6338	14.9012	20.4888	25.197	27.269	21.6973	34.2896	39.0758
sp|O35593|PSDE_MOUSE	Psmd14	1	36.9477	38.2805	53.4757	32.7745	30.7948	36.9168	66.4316	50.0987	57.5662
sp|O35682|MYADM_MOUSE	Myadm	1	141.127	113.321	143.132	76.3863	84.8971	73.4946	74.2492	84.2135	101.438
sp|O35737|HNRH1_MOUSE	Hnrnph1	7	1083.07	1270.32	2009.07	845.268	785.49	848.323	1575.46	1855.95	2238.58
sp|O54825|BYST_MOUSE	Bysl	2	185.515	194.687	279.595	181.702	202.16	189.311	876.291	820.465	917.038
sp|O54941|SMCE1_MOUSE	Smarce1	2	195.862	206.134	269.639	276.071	306.89	297.392	335.14	339.548	383.165
sp|O55029|COPB2_MOUSE	Copb2	2	304.367	286.544	304.409	215.247	258.414	246.533	783.432	739.04	858.689
sp|O55135|IF6_MOUSE	Eif6	12	3819.8	3837.43	4844.98	2093.05	1875.4	1973.05	2868.11	2564.09	2551.28
sp|O55142|RL35A_MOUSE	Rpl35a	5	2576.88	3028.76	4123.18	2680.83	3163.18	3219.96	2616.4	2774.29	3960.79
sp|O55143|AT2A2_MOUSE	Atp2a2	4	632.111	610.859	580.618	444.922	486.382	499.207	1052.94	1091.75	1369.79
sp|O70161|PI51C_MOUSE	Pip5k1c	3	237.72	239.633	364.933	250.295	262.857	260.624	323.216	309.099	545.398
sp|O70194|EIF3D_MOUSE	Eif3d	2	348.349	383.957	472.75	259.682	301.919	341.537	457.699	490.681	583.025
sp|O70251|EF1B_MOUSE	Eef1b	1	192.242	191.133	272.038	242.594	336.954	282.492	459.156	476.409	570.95
sp|O70311|NMT2_MOUSE	Nmt2	1	36.2038	32.3283	44.9696	31.4029	37.9166	38.9271	96.2865	100.493	135.056
sp|O70503|DHB12_MOUSE	Hsd17b12	1	160.614	141.025	205.409	147.382	164.886	181.227	327.262	370.215	432.386
sp|O70551|SRPK1_MOUSE	Srpk1	5	488.897	436.204	581.53	631.193	665.227	780.089	1160.53	1097.57	1459.77
sp|O88477|IF2B1_MOUSE	Igf2bp1	12	1675.61	1781.37	2542.73	3706.63	4268.62	4436.29	1846.83	1929.83	2332.27
sp|O88491|NSD1_MOUSE	Nsd1	4	514.365	547.713	618.767	804.439	956.94	967.729	691.557	799.556	1040.4
sp|O88569|ROA2_MOUSE	Hnrnpa2b1	1	21.1761	14.5506	28.0462	11.2941	8.32311	13.3392	41.9205	34.6007	41.8776
sp|O88685|PRS6A_MOUSE	Psmc3	2	273.321	247.176	324.521	173.15	178.544	191.666	411.323	380.651	464.192
sp|O88796|RPP30_MOUSE	Rpp30	9	2049.92	2085.52	2844.39	2879.18	3201.73	3357.29	3080.21	2710.95	3044.4
sp|O88874|CCNK_MOUSE	Ccnk	6	1098.59	1143.55	1557.18	1398.78	1662.14	1577.78	2134.84	2049.1	2357.03
sp|P01631|KV2A7_MOUSE		5	1021.74	419.74	572.678	3182.67	1055.19	986.303	502.694	785.91	3314.85
sp|P01837|IGKC_MOUSE		20	4403.15	1617.54	2023.03	13174.3	1706.35	4107.88	1714.9	3415.97	12494.4
sp|P01868|IGHG1_MOUSE	Ighg1	17	6272	1881.31	1954.92	19211.3	1460.03	5868.73	1746.29	3106.97	11883.1
sp|P01942|HBA_MOUSE	Hba	1	133.03	44.3113	107.359	107.2	113.4	98.1605	53.3838	68.0861	86.8241
sp|P02469|LAMB1_MOUSE	Lamb1	1	115.858	117.862	171.976	159.116	199.449	172.072	150.045	163.86	178.594
sp|P05064|ALDOA_MOUSE	Aldoa	4	532.212	532.218	700.601	467.152	481.01	468.939	966.115	1102.38	1125.5
sp|P05214|TBA3_MOUSE	Tuba3a	26	6323.95	6253.22	8061.1	4458.34	4581.47	4685.45	12334.6	13615	14077.1
sp|P07607|TYSY_MOUSE	Tyms	13	2897.28	2679.2	3656.64	2480.41	2153.95	2337.48	1628.12	1539.21	1494.94
sp|P07724|ALBU_MOUSE	Alb	1	63.6103	62.9527	93.711	61.7092	56.9906	60.9463	56.2651	60.3281	83.3983
sp|P07901|HS90A_MOUSE	Hsp90aa1	10	1750.12	1710	2249.14	1056.42	991.599	1177.48	4371.9	5035.77	5762.33
sp|P08775|RPB1_MOUSE	Polr2a	2	188.146	206.714	294.339	245.451	226.363	247.55	162.374	140.15	188.744
sp|P09405|NUCL_MOUSE	Ncl	30	5417.99	6434.56	8827.13	21445.8	22671.8	23589	2820.4	2882.83	3047.29
sp|P0CG49|UBB_MOUSE	Ubb	6	2949.56	2775.82	4659.73	1443.57	2069.02	1476.18	1836.5	1702.24	2027.91
sp|P10126|EF1A1_MOUSE	Eef1a1	17	3261	3330.89	4497.54	2384.01	2751.65	2527.21	7459.4	7431.45	8393.06
sp|P10853|H2B1F_MOUSE	Hist1h2bf	2	1177.7	1214.12	1123.51	1093.43	885.821	1224.43	1032.64	1072.72	1079.59
sp|P10922|H10_MOUSE	H1f0	1	273.263	317.556	400.424	447.577	579.485	517.701	1056.67	849.111	896.8
sp|P11260|LORF1_MOUSE		20	2752.67	2706.9	4048.04	2591.04	3134.32	3183.04	7692.71	6873.98	7565.04
sp|P11440|CDK1_MOUSE	Cdk1	4	1235.14	1191.41	1608.24	914.658	839.994	837.366	1172.19	1145.85	1279.63
sp|P11499|HS90B_MOUSE	Hsp90ab1	4	691.301	654.061	823.612	548.08	483.876	555.279	1480.15	1791.66	1954.9
sp|P11983|TCPA_MOUSE	Tcp1	1	173.395	181.986	223.463	138.452	168.465	169.685	328.441	319.633	382.879
sp|P12970|RL7A_MOUSE	Rpl7a	42	10895	11778.5	17689	15674.2	15282.8	15057.9	13151.2	14772.9	17365.5
sp|P13020|GELS_MOUSE	Gsn	2	634.456	577.637	1352.77	333.165	319.357	295.735	442.823	358.36	473.442
sp|P14115|RL27A_MOUSE	Rpl27a	16	5007.88	5437.34	6351.1	7153.38	8922.56	6887.22	6587.85	7717.04	7828.29
sp|P14131|RS16_MOUSE	Rps16	23	4996.56	4931.46	7767.79	9856.36	9154.85	10720.8	9608.74	10582.9	11791
sp|P14148|RL7_MOUSE	Rpl7	61	17159.6	19690.9	34230.6	23791.2	31712.2	24915.9	21022.7	22030.3	29332.2
sp|P14206|RSSA_MOUSE	Rpsa	57	7512.14	8557.77	8841.15	15239	14722.3	13586	17115.3	15992.9	16786
sp|P14211|CALR_MOUSE	Calr	1	116.686	216.378	197.74	122.011	182.117	172.834	177.809	171.575	181.498
sp|P14602|HSPB1_MOUSE	Hspb1	4	817.657	780.227	1123.93	676.75	690.38	654.271	1729.49	1635.62	1678.66
sp|P14685|PSMD3_MOUSE	Psmd3	7	2164.13	1941.12	2595.59	1156.72	1195.08	1220.83	2748.53	2283.47	2544.25
sp|P14869|RLA0_MOUSE	Rplp0	101	21807.7	22414.1	29000.8	35403.4	41879.3	37146.5	42890.1	45531.3	50095.5
sp|P14873|MAP1B_MOUSE	Map1b	33	10076.3	9759.8	14543.8	6924.69	7626.08	7599.43	7643.26	6705	7651.31
sp|P16460|ASSY_MOUSE	Ass1	2	298.63	331.055	426.887	237.966	272.534	263.099	654.908	661.493	815.245
sp|P16546|SPTN1_MOUSE	Sptan1	23	4802.72	4590.37	6595.42	4285.89	4180.83	4137.21	5308.77	5022.82	5461
sp|P16858|G3P_MOUSE	Gapdh	5	694.609	659.972	668.651	573.672	738.357	693.47	986.92	1103.69	1369.46
sp|P17095|HMGA1_MOUSE	Hmga1	1	135.19	158.605	167.464	100.749	173.361	162.325	185.15	157.327	173.192
sp|P17225|PTBP1_MOUSE	Ptbp1	2	355.92	378.943	599.4	461.193	393.237	412.685	505.008	549.382	668.392
sp|P17742|PPIA_MOUSE	Ppia	2	182.72	276.452	212.408	172.284	219.928	210.995	216.339	228.366	252.986
sp|P17879|HS71B_MOUSE	Hspa1b	7	1203.36	1123.35	1938.2	526.195	686.375	532.871	1312.31	1214.83	1533.43
sp|P17918|PCNA_MOUSE	Pcna	1	153.436	143.558	172.595	100.177	94.061	118.288	241.51	266.352	309.66
sp|P18760|COF1_MOUSE	Cfl1	1	76.647	91.5721	82.7036	58.9863	107.181	95.8871	108.694	78.6323	85.1103
sp|P19182|IFRD1_MOUSE	Ifrd1	8	2851.69	2754.06	3880.28	1503.61	1663.57	1634.56	1692.98	1628.39	1881.61
sp|P19253|RL13A_MOUSE	Rpl13a	28	9925	11349.5	17389	13604.2	17222.8	13405.6	12726.4	12357.2	16584.7
sp|P20029|GRP78_MOUSE	Hspa5	22	6590.89	6257.14	8474.98	5537.49	5575.55	6108.75	8863.6	8669.17	9519.82
sp|P22752|H2A1_MOUSE	Hist1h2ab	2	413.967	415.753	475.93	358.713	487.855	427.15	561.852	443.305	535.673
sp|P23116|EIF3A_MOUSE	Eif3a	3	557.729	591.711	757.543	470.624	530.198	553.313	922.894	897.968	1239.67
sp|P23198|CBX3_MOUSE	Cbx3	2	446.871	539.342	676.399	374.02	287.972	297.72	596.666	632.7	644.796
sp|P23249|MOV10_MOUSE	Mov10	17	3236.23	3164.69	3046.15	1853.97	2095.17	2154.3	7158.17	6919.67	8628.71
sp|P24547|IMDH2_MOUSE	Impdh2	6	1891.03	1762.22	2409.74	516.322	448.221	552.896	1942.08	1762.89	1888.19
sp|P24622|CRYAA_MOUSE	Cryaa	1	48.2463	60.2869	41.6004	31.0955	49.5904	68.384	276.53	44.305	429.258
sp|P24788|CD11B_MOUSE	Cdk11b	4	663.16	609.299	820.297	497.34	618.451	729.473	1015.92	1038.68	1356.44
sp|P25206|MCM3_MOUSE	Mcm3	1	43.2273	52.5256	69.6877	75.8538	89.8823	88.3391	102.363	101.703	111.388
sp|P25444|RS2_MOUSE	Rps2	91	14641.9	15317.7	20064.2	28272.4	30678.4	29698.8	26060.2	28090.4	30934.7
sp|P25976|UBF1_MOUSE	Ubtf	10	1967.28	1858.22	3164.78	2559.63	2899.91	2729.68	2518.51	2700.17	3407.23
sp|P26040|EZRI_MOUSE	Ezr	1	74.9435	105.355	113.559	60.2095	98.2791	104.854	122.003	81.6735	90.6493
sp|P26369|U2AF2_MOUSE	U2af2	15	1646.77	1346.65	1645.28	912.167	897.013	1122.53	5963.55	5505.45	5835.8
sp|P26516|PSMD7_MOUSE	Psmd7	3	676.348	678.149	885.037	495.223	505.082	529.963	875.806	765.536	922.996
sp|P27048|RSMB_MOUSE	Snrpb	3	419.119	436.522	578.618	330.643	350.073	337.655	3295.66	3085.58	2845.9
sp|P27659|RL3_MOUSE	Rpl3	84	15722.8	16643.8	19260.8	17309.9	28322.4	19007.3	18733.4	19231.7	25699
sp|P28656|NP1L1_MOUSE	Nap1l1	7	2024.91	2186.69	2578.75	1362.32	1402.14	1335.8	1490.06	1430.94	1483.52
sp|P28658|ATX10_MOUSE	Atxn10	3	535.181	540.239	694.058	460.445	385.973	444.298	1373.12	1440.5	1558.89
sp|P29341|PABP1_MOUSE	Pabpc1	44	18745.1	19135.8	29788.6	10281.1	10522.2	9973.13	2967.24	2996.02	3214.11
sp|P30999|CTND1_MOUSE	Ctnnd1	1	275.99	216.419	313.924	179.7	168.188	185.38	249.215	275.331	308.887
sp|P31154|DCAM1_MOUSE	Amd1	1	465.805	412.157	516.376	459.93	432.264	450.827	447.007	331.49	370.794
sp|P32067|LA_MOUSE	Ssb	21	2737.78	2783.51	3937.59	3350.02	3706.06	3718.17	22667	20514.5	22964.1
sp|P35550|FBRL_MOUSE	Fbl	11	3498.22	3797.67	5257.78	4242.96	4255.34	4118.85	6195.09	6343.94	6317.55
sp|P35700|PRDX1_MOUSE	Prdx1	4	1490	1512.68	2097.1	1410.39	1173.13	1240.13	1684.77	1798.11	1701.58
sp|P35979|RL12_MOUSE	Rpl12	30	5574.05	5541.21	7196.04	7723.23	8992.16	8837.91	8537.17	8755.68	9186.55
sp|P35980|RL18_MOUSE	Rpl18	36	7763.93	8402.4	13623.1	10985.3	12051	12147.9	9197.91	11242.5	13505.6
sp|P38647|GRP75_MOUSE	Hspa9	18	3726.05	3243.8	4447.34	2548.55	2708.23	2661.34	4292.13	4044.44	4603.42
sp|P41105|RL28_MOUSE	Rpl28	10	2155.39	1798.95	3732.24	2678.59	9437.4	2918.14	2548.37	3192.93	3952.99
sp|P42669|PURA_MOUSE	Pura	1	187.664	207.911	265.294	164.512	205.216	197.421	280.559	255.44	275.414
sp|P42932|TCPQ_MOUSE	Cct8	1	180.693	169.722	203.043	151.89	154.635	169.353	346.632	364.962	405.258
sp|P43247|MSH2_MOUSE	Msh2	11	1260.39	1212.54	1569.16	942.593	976.312	1041.35	3336.71	3429.75	4282.45
sp|P43274|H14_MOUSE	Hist1h1e	7	1428.17	1581.92	2935.55	1868.18	2617.04	1787.79	4110.32	3491.81	4735.92
sp|P43275|H11_MOUSE	Hist1h1a	4	704.85	820.835	1064.54	1188.92	1222.94	1196.43	2339.32	1826.24	1976.34
sp|P43276|H15_MOUSE	Hist1h1b	5	747.264	907.339	1197.31	1191.78	1013.11	1062.18	3251.96	2588.88	2763.32
sp|P43277|H13_MOUSE	Hist1h1d	4	921.051	756.922	1055.69	926.116	862.609	794.337	1948.45	1548.58	1672.99
sp|P46471|PRS7_MOUSE	Psmc2	5	1097.76	1044.16	1380.71	763.255	787.372	782.27	1598.91	1497.33	1727.85
sp|P46735|MYO1B_MOUSE	Myo1b	14	6569.81	5619.92	6485.29	3254.5	3409.19	3617.34	1777.65	1702.41	1926.75
sp|P46935|NEDD4_MOUSE	Nedd4	3	229.081	222.404	281.072	145.129	148.823	168.051	342.093	366.926	429.301
sp|P47753|CAZA1_MOUSE	Capza1	1	456.963	433.764	518.909	233.914	237.848	297.726	260.31	208.002	278.459
sp|P47757|CAPZB_MOUSE	Capzb	4	1130.83	1016.1	1403.68	663.512	682.466	637.568	681.112	613.788	623.779
sp|P47911|RL6_MOUSE	Rpl6	51	9675.65	10041.3	16476	12538.7	18102.1	13335	12621.3	12477.7	17577
sp|P47915|RL29_MOUSE	Rpl29	5	1730.71	1370.74	3555.94	1450.08	6683.1	1391.32	2704.69	2246.19	3216.62
sp|P47955|RLA1_MOUSE	Rplp1	27	5544.68	5787.23	7682.24	10372	10568.5	11142	13620.4	15791.7	16253.7
sp|P47962|RL5_MOUSE	Rpl5	114	18676.2	20523.8	24324.9	26374.6	29792.7	27529.1	21995.2	25793.9	31515.3
sp|P47963|RL13_MOUSE	Rpl13	27	5610.09	5237.33	10585.7	8822.75	11807.2	7298.63	7784.47	12387.1	11741
sp|P48962|ADT1_MOUSE	Slc25a4	7	1869.33	1892.34	2170.13	1438.07	1796.31	1533.72	2831.99	2820.01	3111.79
sp|P49718|MCM5_MOUSE	Mcm5	2	127.366	129.7	140.254	115.383	111.632	116.972	166.695	191.182	224.732
sp|P50580|PA2G4_MOUSE	Pa2g4	45	8007.27	8630.98	12651.5	21251.7	24637.4	24775.6	9061.63	6955.61	8979.97
sp|P51410|RL9_MOUSE	Rpl9	37	7982.47	7975.64	9837.22	11297.5	13604.1	13994.4	10754.7	12671	13781.4
sp|P51881|ADT2_MOUSE	Slc25a5	9	2699.8	2681.97	2979.24	1726.6	1646.44	1938.81	3399.39	3797.01	4211.46
sp|P52293|IMA1_MOUSE	Kpna2	4	489.924	502.518	684.479	1017.19	1045.77	1061.54	933.846	1009.06	1172.95
sp|P52332|JAK1_MOUSE	Jak1	6	1719.52	1545.13	1834.35	1115.69	1170.04	1284.56	1072.48	1032.77	1155.26
sp|P52480|KPYM_MOUSE	Pkm	5	590.155	554.304	702.398	532.467	551.999	656.298	1220.95	1321.27	1493.77
sp|P54276|MSH6_MOUSE	Msh6	2	124.514	132.584	156.125	105.829	130.1	114.427	330.072	349.057	487.227
sp|P54775|PRS6B_MOUSE	Psmc4	2	856.426	828.504	1112.63	542.32	547.008	551.713	1263.39	1189.14	1324.79
sp|P54823|DDX6_MOUSE	Ddx6	3	670.714	634.033	992.585	1124.62	1127.34	1110.22	364.937	380.964	420.205
sp|P56383|AT5G2_MOUSE	Atp5g2	1	224.905	345.07	366.095	202.576	314.485	334.932	426.143	287.696	273.637
sp|P56480|ATPB_MOUSE	Atp5b	3	374.808	356.203	466.415	271.114	304.67	295.677	1667.87	1550.4	1703.62
sp|P56959|FUS_MOUSE	Fus	3	536.7	529.169	734.688	460.308	446.544	423.902	728.012	700.84	916.098
sp|P57784|RU2A_MOUSE	Snrpa1	3	200.393	205.165	259.99	163.325	164.564	169.924	615.813	562.062	662.132
sp|P58252|EF2_MOUSE	Eef2	87	8482.05	8713.41	12330.3	37674.5	44319.9	43651.9	15535.8	14226.5	16842.4
sp|P59764|DOCK4_MOUSE	Dock4	6	819.054	735.537	790.089	506.614	523.038	537.89	677.432	591.665	614.961
sp|P60122|RUVB1_MOUSE	Ruvbl1	13	2908.94	2987.14	4202.01	2812.22	3194.34	3204.29	6628.57	5723.59	6520.08
sp|P60335|PCBP1_MOUSE	Pcbp1	11	2730.51	2915.49	3719.24	3055.49	3573.76	3464.5	2938.33	3033.33	3524.52
sp|P60710|ACTB_MOUSE	Actb	30	10388.3	8971.91	14053.3	5488.18	6093.02	5459.37	5368.6	4873.66	4987.24
sp|P60843|IF4A1_MOUSE	Eif4a1	2	271.173	281.074	341.419	203.656	228.141	250.107	531.505	566.256	654.393
sp|P60867|RS20_MOUSE	Rps20	11	2103.21	2011.36	3110.47	3582.39	3344.67	3795.27	3835.01	4205.57	4086.22
sp|P61222|ABCE1_MOUSE	Abce1	6	974.23	892.724	1172.22	405.216	475.803	492.004	4921.85	4555.08	4739.11
sp|P61255|RL26_MOUSE	Rpl26	13	2365.99	2330.58	5215.24	2764.32	6753.23	2800.16	3767.7	3138.89	4479.06
sp|P61327|MGN_MOUSE	Magoh	1	176.024	164.477	240.572	91.803	105.69	104.347	68.9845	83.2554	77.5001
sp|P61358|RL27_MOUSE	Rpl27	20	5611.93	5788.72	8752.64	7863.46	9705.03	7413.62	9174.05	7346.64	8654.24
sp|P61514|RL37A_MOUSE	Rpl37a	26	4350.66	4706.77	5964.07	5888.68	6727.92	6672.89	4883.78	6200.19	7029.01
sp|P61961|UFM1_MOUSE	Ufm1	1	429.293	402.685	512.806	269.264	288.624	338.988	285.822	281.985	364.456
sp|P61979|HNRPK_MOUSE	Hnrnpk	5	855.112	956.471	1445.29	798.617	679.129	732.342	843.662	830.31	1054.81
sp|P61982|1433G_MOUSE	Ywhag	1	360.568	393.065	499.645	302.332	313.542	302.144	516.042	505.814	562.824
sp|P62082|RS7_MOUSE	Rps7	37	7914.83	7945.91	11425	13847.7	22079.2	15378.2	17340.7	14137.7	15819.8
sp|P62137|PP1A_MOUSE	Ppp1ca	1	19.7013	25.6705	38.0778	39.7092	34.3508	43.4576	51.1135	46.1404	52.1224
sp|P62192|PRS4_MOUSE	Psmc1	2	479.37	457.067	632.022	311.914	280.587	281.15	754.937	714.442	747.917
sp|P62196|PRS8_MOUSE	Psmc5	6	1265.78	1300.18	1799.53	891.054	896.226	922.296	1912.64	1739.85	2107.75
sp|P62242|RS8_MOUSE	Rps8	38	5166.59	5228.5	7665.15	8805.83	14255.2	9839.01	11646.3	9722.17	11630
sp|P62245|RS15A_MOUSE	Rps15a	30	7218.8	7712.53	8835.6	11890	13475.7	12830.8	15660.1	13216.2	14562
sp|P62264|RS14_MOUSE	Rps14	17	2309.83	2371.21	2833.46	4785.92	4935.75	4633.45	5117.08	5364.22	4961.22
sp|P62267|RS23_MOUSE	Rps23	14	2232.94	2302.54	4690.39	3706.52	5707.14	4363.73	4815.3	4279.35	5372.81
sp|P62270|RS18_MOUSE	Rps18	18	4008.28	4304.87	5961.1	8010.64	10955.9	7657.73	7790.18	8717.36	9954.35
sp|P62274|RS29_MOUSE	Rps29	4	1148.49	1066.31	1397.12	1608.79	1613.92	1939.59	2157.73	1785.72	2222.11
sp|P62281|RS11_MOUSE	Rps11	17	3217.44	3333.19	4980.51	5190.3	8455.98	5310.23	6054.68	5954.82	7060.09
sp|P62301|RS13_MOUSE	Rps13	40	8944.8	9326.62	12123.3	15351.3	13688.4	15785.6	18389.6	16767.2	18520.8
sp|P62305|RUXE_MOUSE	Snrpe	3	326.538	339.355	408.045	246.113	258.74	307.036	1636.21	1647.18	1830.88
sp|P62307|RUXF_MOUSE	Snrpf	1	31.3033	45.3426	54.4008	21.7085	22.4152	27.9705	177.355	125.704	261.499
sp|P62309|RUXG_MOUSE	Snrpg	1	48.037	49.3736	63.7602	80.8013	63.9849	65.8891	163.547	140.028	171.671
sp|P62315|SMD1_MOUSE	Snrpd1	1	72.8436	72.9827	99.0219	67.1679	87.1007	76.5934	373.403	339.507	386.147
sp|P62317|SMD2_MOUSE	Snrpd2	4	347.707	337.554	443.643	290.828	301.939	325.398	1785.57	1858.15	1938.12
sp|P62320|SMD3_MOUSE	Snrpd3	1	162.313	146.907	200.974	112.113	131.368	131.56	969.333	917.422	942.566
sp|P62334|PRS10_MOUSE	Psmc6	3	618.69	602.712	775.755	386.536	420.713	446.575	890.773	818.558	948.796
sp|P62702|RS4X_MOUSE	Rps4x	76	12597.6	13105.8	19746.5	22898	28259.2	25005.1	24416.2	24026.9	27178.1
sp|P62717|RL18A_MOUSE	Rpl18a	36	9753.79	9715.79	12878.2	13795.3	14966.4	15740.3	10946.5	14165	15732.3
sp|P62737|ACTA_MOUSE	Acta2	3	954.605	773.245	1087.25	466.605	361.678	476.295	446.894	419.93	425.773
sp|P62751|RL23A_MOUSE	Rpl23a	43	10249.3	11039.2	17800.5	13793.1	14650.5	13143.9	21040.3	18244.5	22861.1
sp|P62754|RS6_MOUSE	Rps6	46	8714.85	8671.85	12765.8	14640.9	19737.4	16813.9	16500.6	15759.9	19090.5
sp|P62806|H4_MOUSE	Hist1h4a	4	951.108	1066.23	1235.19	923.295	1027	1060.83	1412.05	1208.38	1359.78
sp|P62830|RL23_MOUSE	Rpl23	40	6427.74	6526.87	8931.87	9689.83	14601.6	10768.1	11145	11506.7	13222.5
sp|P62843|RS15_MOUSE	Rps15	37	6017.81	5695.43	7783.42	9218.62	10088	11039.7	9285.98	11067.2	11777.5
sp|P62849|RS24_MOUSE	Rps24	31	5635.13	5504.79	9302.93	9271.31	10425.9	9727.09	11387.7	10187.6	12125.8
sp|P62852|RS25_MOUSE	Rps25	11	2228.18	2120.17	3136.87	4236.17	5520.54	4491.51	6288.27	5987.32	5595.99
sp|P62855|RS26_MOUSE	Rps26	22	4020.55	4081.26	6185.49	7939.23	8713.48	9193.45	10138.6	10073.1	11349.9
sp|P62858|RS28_MOUSE	Rps28	6	921.286	1063.18	1426.39	2111.14	1900.64	2127.71	2558.96	1970.53	2685.9
sp|P62862|RS30_MOUSE	Fau	3	606.444	605.351	897.306	1043.66	1335.2	1066.59	2098.11	1340.71	1484.31
sp|P62889|RL30_MOUSE	Rpl30	23	5663.7	5385.19	6849.28	7497.88	7845.85	7923.32	7922.02	7525.83	9060.92
sp|P62892|RL39_MOUSE	Rpl39	4	560.896	519.229	756.095	861.952	736.52	519.303	1595.45	1444.49	1471.89
sp|P62900|RL31_MOUSE	Rpl31	21	5809.65	5895.83	8687.43	7794.4	11882.3	8472.01	9629.1	7856.53	9580.78
sp|P62908|RS3_MOUSE	Rps3	87	16359.5	16131.2	24141.2	29554.5	37775.1	34425.6	28954.8	34484	37753.2
sp|P62911|RL32_MOUSE	Rpl32	29	8109.89	8314.87	11546.4	11349.4	9748.7	11971.9	9100.76	11521.4	12121.4
sp|P62918|RL8_MOUSE	Rpl8	67	11580	12059.3	17536.8	16654.1	26954.3	18469.2	14623.3	16241.9	18952.9
sp|P62960|YBOX1_MOUSE	Ybx1	27	4656.51	5005.2	7534.77	3656.05	4957.53	3684.77	13042.5	10572.8	10971.8
sp|P62983|RS27A_MOUSE	Rps27a	8	980.854	932.712	1053.19	1706.51	1319.19	1652.72	1787.11	2055.85	1918.45
sp|P63017|HSP7C_MOUSE	Hspa8	57	19536	19270	25443.4	7784.84	8228.15	8328.13	19111.2	17559.6	19490.4
sp|P63037|DNJA1_MOUSE	Dnaja1	6	506.663	493.191	688.149	462.458	450.892	398.631	851.837	894.695	977.815
sp|P63038|CH60_MOUSE	Hspd1	3	380.275	380.457	469.157	277.379	293.14	290.366	727.125	725.656	838.451
sp|P63168|DYL1_MOUSE	Dynll1	1	186.813	231.455	276.653	208.266	247.254	246.449	228.382	232.144	259.915
sp|P63242|IF5A1_MOUSE	Eif5a	1	165.549	349.185	313.174	391.861	373.944	387.497	357.9	295.002	336.349
sp|P63276|RS17_MOUSE	Rps17	61	11369.3	11649.2	15285.7	23535.7	25008.6	24806.6	21527.3	25312.5	25133.1
sp|P63325|RS10_MOUSE	Rps10	23	3146.38	3110.21	4221.24	5949.49	6283.18	6231.12	6437.25	6702.23	7366.7
sp|P67984|RL22_MOUSE	Rpl22	37	5176.81	4956.23	6927.12	7754.82	8552.18	8480.59	10876	8575.13	9794.58
sp|P68040|GBLP_MOUSE	Gnb2l1	134	15533.6	14673.2	19193.1	26148	27744.9	31200	30080.9	29370.7	32207.7
sp|P68368|TBA4A_MOUSE	Tuba4a	11	2522.9	2476.97	3405.91	1775.7	1739.97	1810.96	4870.37	5422.37	5643.76
sp|P68372|TBB4B_MOUSE	Tubb4b	50	7959.15	7699.04	10471.7	6247.36	6263.81	6280.05	14039.7	15715.9	16883.6
sp|P68373|TBA1C_MOUSE	Tuba1c	2	537.877	508.44	615.394	333.019	352.269	374.337	957.194	1121.3	1235.34
sp|P68433|H31_MOUSE	Hist1h3a	4	964.207	1114.4	1226.43	754.334	1166.25	994.092	1111.42	970.716	1329.83
sp|P70168|IMB1_MOUSE	Kpnb1	2	326.484	296.637	392.545	233.151	241.26	246.9	604.837	596.464	705.481
sp|P70279|SURF6_MOUSE	Surf6	3	656.911	710.946	930.327	1179.73	1145.59	1121.03	1200.77	1107.71	1201.38
sp|P70388|RAD50_MOUSE	Rad50	1	51.7635	51.519	75.0072	51.5762	60.6658	61.8957	99.1506	91.4286	144.397
sp|P70670|NACAM_MOUSE	Naca	6	360.812	355.475	486.492	1165.21	1184.85	1295.96	2001.27	1576.58	2002.24
sp|P80314|TCPB_MOUSE	Cct2	1	40.2495	41.3523	52.8517	33.7031	36.9943	32.9439	97.2711	90.7047	117.364
sp|P80316|TCPE_MOUSE	Cct5	1	140.1	144.595	199.579	107.481	113.567	127.215	335.119	374.272	476.738
sp|P80317|TCPZ_MOUSE	Cct6a	3	427.678	426.341	591.673	328.677	394.526	385.532	1163.41	1150.97	1362.93
sp|P83870|PHF5A_MOUSE	Phf5a	1	146.336	157.307	212.135	108.397	83.5593	99.0199	252.794	241.944	281.39
sp|P83882|RL36A_MOUSE	Rpl36a	7	1994.12	1964.24	5779.61	1757.17	6426.34	1993.44	2515.24	2284.19	3243.77
sp|P84099|RL19_MOUSE	Rpl19	17	3152.93	2702.15	4917.76	4833.59	7297.32	3782.7	5013.63	6042.18	5717.12
sp|P84104|SRSF3_MOUSE	Srsf3	4	714.726	768.607	1018.56	825.129	913.497	1040.65	1306.07	1162.09	1422.99
sp|P86048|RL10L_MOUSE	Rpl10l	45	4268.85	4722.43	9674.41	6343.31	11486.5	6057.26	6715.87	6631.68	8718.27
sp|P97351|RS3A_MOUSE	Rps3a	108	13175	14988.1	21059.6	23601.6	29454.2	25119.6	30258.1	26143	31049.1
sp|P97357|TAF1A_MOUSE	Taf1a	1	211.477	186.542	234.998	298.605	327.654	342.132	212.704	217.574	240.826
sp|P97358|TAF1B_MOUSE	Taf1b	1	65.4569	63.6073	99.2932	101.777	94.3977	91.8418	83.168	94.7961	100.973
sp|P97379|G3BP2_MOUSE	G3bp2	5	1271.76	1357.04	1908.28	941.062	946.354	992.249	1065.81	972.688	1226.08
sp|P97473|TRBP2_MOUSE	Tarbp2	3	221.963	249.648	320.105	454.866	373.757	417.513	659.629	653.957	695.435
sp|P97496|SMRC1_MOUSE	Smarcc1	4	756.559	780.717	942.858	779.208	802.028	844.137	834.926	884.337	1076.38
sp|P97855|G3BP1_MOUSE	G3bp1	3	609.806	640.946	895.756	595.127	721.82	660.819	764.577	717.249	855.17
sp|P99024|TBB5_MOUSE	Tubb5	11	2324.14	2241.39	2999.28	1717.31	1563.39	1639.34	4305.87	4925.01	5272.63
sp|P99027|RLA2_MOUSE	Rplp2	43	8116.23	8347.47	10938.3	17691	16555.7	16341.1	16918.2	18833.8	18523.1
sp|Q00PI9|HNRL2_MOUSE	Hnrnpul2	3	358.475	354.296	438.844	372.102	388.869	423.055	431.755	464.267	588.111
sp|Q01320|TOP2A_MOUSE	Top2a	47	6580.41	6569.22	7328.56	28639.4	26537.1	26612.3	5692.36	6050.08	6894.92
sp|Q01853|TERA_MOUSE	Vcp	7	1610.9	1672.92	2289.32	792.132	944.989	986.987	1819.09	1722.39	2108.81
sp|Q02395|MTF2_MOUSE	Mtf2	2	185.823	202.559	262.649	397.603	443.202	416.469	249.896	269.42	298.017
sp|Q02614|S30BP_MOUSE	Sap30bp	2	220.435	216.359	256.386	209.448	234.538	268.484	315.343	409.151	440.877
sp|Q03265|ATPA_MOUSE	Atp5a1	4	653.065	706.958	889.236	491.862	524.4	522.072	2301.45	2220.21	2421.76
sp|Q04692|SMRCD_MOUSE	Smarcad1	3	554.534	540.678	665.032	349.913	433.354	453.287	889.695	890.043	1176.1
sp|Q05AH6|CK084_MOUSE		2	351.154	382.607	515.384	319.833	337.205	360.729	342.263	364.748	422.786
sp|Q05CL8|LARP7_MOUSE	Larp7	7	429.986	447.681	656.125	487.246	500.046	517.434	3054.72	2846.08	3309.78
sp|Q07133|H1T_MOUSE	Hist1h1t	1	38.849	42.8775	58.03	57.2081	61.6275	59.3765	127.847	119.19	113.317
sp|Q08288|LYAR_MOUSE	Lyar	21	6982.18	6280.27	12745.4	6960.52	10762.7	6277.56	5631.3	5346.71	6086.07
sp|Q08509|EPS8_MOUSE	Eps8	2	314.857	380.065	500.274	488.603	498.069	534.293	390.862	454.176	504.399
sp|Q08943|SSRP1_MOUSE	Ssrp1	2	403.088	397.413	447.566	374.781	407.56	449.638	654.133	661.813	820.224
sp|Q14AX6|CDK12_MOUSE	Cdk12	6	970.262	1005.5	1425.33	1004.64	1084.59	1098.04	1483.65	1419.58	1753.49
sp|Q1HFZ0|NSUN2_MOUSE	Nsun2	2	140.27	147.468	184.537	106.146	126.977	128.772	184.002	199.458	249.243
sp|Q1PSW8|LIN41_MOUSE	Trim71	2	612.533	643.846	782.081	345.989	384.133	417.281	247.678	246.301	287.553
sp|Q3TEA8|HP1B3_MOUSE	Hp1bp3	4	770.82	788.236	1092.21	1228.68	1330.97	1443.94	838.596	835.19	1019.84
sp|Q3THE2|ML12B_MOUSE	Myl12b	2	373.138	367.597	495.818	354.173	358.433	325.672	327.073	298.075	344.874
sp|Q3TJZ6|FA98A_MOUSE	Fam98a	3	355.259	416.118	331.462	315.098	309.668	323.334	986.47	1042.81	1352.8
sp|Q3TKR3|NAL4C_MOUSE	Nlrp4c	2	216.12	221.845	279.634	485.334	630.927	679.688	537.647	581.429	643.607
sp|Q3TKT4|SMCA4_MOUSE	Smarca4	3	289.207	283.409	340.105	260.775	269.133	281.232	461.671	440.692	548.555
sp|Q3TLH4|PRC2C_MOUSE	Prrc2c	5	751.26	832.601	1249.79	1090.38	1296.18	1276.48	913.836	943.654	1216.62
sp|Q3TQQ9|CA112_MOUSE		2	122.674	136.043	170.338	256.42	265.213	304.291	256.868	314.343	338.904
sp|Q3TXS7|PSMD1_MOUSE	Psmd1	4	940.19	915.735	1346.92	751.023	781.141	821.43	1300.8	1160.11	1502.97
sp|Q3TY86|AIFM3_MOUSE	Aifm3	1	302.019	304.138	440.885	647.245	606.921	705.897	331.789	414.084	489.212
sp|Q3U1J4|DDB1_MOUSE	Ddb1	4	1061.37	1001.29	1235.99	729.524	710.874	878.685	2101.76	2168.89	2515.23
sp|Q3U9G9|LBR_MOUSE	Lbr	4	382.48	358.897	442.035	418.754	367.207	403.479	860.222	1080.92	1242.22
sp|Q3UEB3-2|PUF60_MOUSE	Puf60	22	5289.49	5726.9	7654.5	4164.05	4837.72	4977.29	5387.52	5221.78	5996.19
sp|Q3UFM5|NOM1_MOUSE	Nom1	3	354.021	334.325	464.114	331.647	268.22	308.507	568.022	595.209	703.147
sp|Q3UL36|ARGL1_MOUSE	Arglu1	1	116.523	115.361	173.617	120.891	103.173	111.561	275.507	277.334	285.705
sp|Q3ULD5|MCCB_MOUSE	Mccc2	6	1284.12	1295.89	1648	891.903	1050.15	1109.16	1129	1118.95	1321.39
sp|Q3UM18|LSG1_MOUSE	Lsg1	50	24554.1	24616	29723.6	12346.8	12167.6	11772.1	7306.99	6613.66	7323.54
sp|Q3URR7|ZSC10_MOUSE	Zscan10	2	128.62	148.571	239.7	74.3795	65.08	63.0367	118.792	136.244	179.985
sp|Q3URS2|ZSC4F_MOUSE	Zscan4f	1	39.6256	37.1348	48.7745	39.7119	36.9133	28.154	62.0752	94.1104	89.3343
sp|Q3USH5|SFSWA_MOUSE	Sfswap	2	139.198	152.291	191.545	101.096	106.775	117.008	141.636	136.812	211.765
sp|Q3UZ01|RBM40_MOUSE	Rnpc3	1	340.577	305.17	374.496	370.48	388.891	371.133	402.696	421.727	463.035
sp|Q3V3R1|C1TM_MOUSE	Mthfd1l	117	34696	35637.1	54367.4	26097.4	30435.2	27065.7	24898.9	22441.7	27839.2
sp|Q497V5|SRBD1_MOUSE	Srbd1	2	162.635	143.819	160.476	162.926	210.955	228.785	224.174	255.977	324.42
sp|Q4JK59|TET2_MOUSE	Tet2	4	960.482	929.934	1388.09	916.943	882.523	858.006	917.939	850.635	1023.14
sp|Q4VBE8|WDR18_MOUSE	Wdr18	2	642.764	581.692	669.357	365.178	457.707	492.262	643.671	635.157	742.981
sp|Q501J6|DDX17_MOUSE	Ddx17	13	3249.28	3398.24	4736.85	2515.07	2449.07	2731.44	3501.08	4163.96	5033.72
sp|Q505D1|ANR28_MOUSE	Ankrd28	1	288.126	241.965	353.722	141.914	157.862	167.705	249.167	238.915	222.886
sp|Q52KI8|SRRM1_MOUSE	Srrm1	3	637.551	595.128	949.29	467.125	616.192	580.548	1528.08	1705.45	2207.39
sp|Q569Z5|DDX46_MOUSE	Ddx46	10	1127.05	1100.55	1229.77	742.894	844.477	866.415	3801.07	3319.22	3899.66
sp|Q571K4|TAB3_MOUSE	Tab3	2	279.017	342.539	469.647	282.651	306.493	296.222	304.566	269.802	327.573
sp|Q587J6|LITD1_MOUSE	L1td1	7	2280.03	2356.54	3201.39	1372.86	1502.84	1639.58	1454.42	1433.43	1918.34
sp|Q5F2E7|NUFP2_MOUSE	Nufip2	5	1373.79	1491.6	2210.61	1108.16	898.607	1008.7	1100.58	1216.15	1432.63
sp|Q5PRE5|PRSR1_MOUSE	Proser1	3	807.718	800.42	1204.63	746.717	816.16	781.841	776.058	707	805.769
sp|Q5SF07|IF2B2_MOUSE	Igf2bp2	1	36.9274	41.7334	62.1966	40.7425	43.3132	36.3566	74.7482	80.6583	95.0563
sp|Q5SSK3|TEFM_MOUSE	Tefm	1	280.292	291.676	385.575	548.215	566.998	573.126	431.3	450.777	533.484
sp|Q5SUF2|LC7L3_MOUSE	Luc7l3	8	879.655	929.465	1104.31	724.418	796.941	901.872	1547.62	1491.25	2022.23
sp|Q5SWD9|TSR1_MOUSE	Tsr1	5	287.604	319.803	383.148	434.197	527.619	580.004	1446.17	1363.05	1752.2
sp|Q5U4C1|GASP1_MOUSE	Gprasp1	1	75.4072	75.8038	123.422	72.5088	85.5058	80.7804	53.8384	61.5566	75.9319
sp|Q5U4C3|SFR19_MOUSE	Scaf1	2	144.661	147.562	195.148	121.952	114.413	138.63	224.497	232.738	291.139
sp|Q5XG71|UTP20_MOUSE	Utp20	4	567.507	560.937	673.772	518.112	529.93	607.23	767.508	779.759	983.986
sp|Q60605|MYL6_MOUSE	Myl6	2	338.404	328.824	424.423	226.882	159.992	197.699	225.318	240.04	250.017
sp|Q60668|HNRPD_MOUSE	Hnrnpd	3	706.242	754.664	1064.67	500.473	487.805	491.887	1029.08	1109.18	1222
sp|Q60848|HELLS_MOUSE	Hells	3	486.056	443.317	631.471	327.781	339.031	366.456	1123.41	1147.21	1392.45
sp|Q60865|CAPR1_MOUSE	Caprin1	1	174.264	182.116	235.872	121.619	123.105	130.63	113.373	132.545	149.791
sp|Q60930|VDAC2_MOUSE	Vdac2	1	90.0721	88.9691	111.707	87.1284	89.3529	81.5513	127.486	127.636	144.364
sp|Q60972|RBBP4_MOUSE	Rbbp4	3	851.266	851.962	1142.07	1619.98	1665.58	1809.93	1174.37	1160.37	1311.01
sp|Q61136|PRP4B_MOUSE	Prpf4b	7	1619.78	1643.7	1965.68	1455.19	1675.24	1900.62	2233.03	2435.2	3157.85
sp|Q61142|SPIN1_MOUSE	Spin1	5	905.245	854.656	1182.76	743.691	781.285	788.398	846.429	724.738	777.325
sp|Q61164|CTCF_MOUSE	Ctcf	4	572.51	664.719	859.54	773.323	769.301	845.787	697.478	663.674	823.518
sp|Q61188|EZH2_MOUSE	Ezh2	8	1235.25	1251.56	1676.49	2730.76	2679.13	2844.06	1151.98	1415.91	1620.89
sp|Q61316|HSP74_MOUSE	Hspa4	5	1265.41	1391.26	1845.18	621.833	697.014	701.015	2821.54	2491.41	3296.68
sp|Q61464|ZN638_MOUSE	Znf638	1	409.616	463.979	617.182	400.064	361.424	395.519	652.355	635.921	742.582
sp|Q61466|SMRD1_MOUSE	Smarcd1	3	397.769	373.644	652.119	455.758	379.019	354.097	632.006	719.344	810.501
sp|Q61656|DDX5_MOUSE	Ddx5	12	3112.55	3275.44	4280.29	2289.16	1980.6	2266.9	3270.62	4034.75	4719.48
sp|Q61699|HS105_MOUSE	Hsph1	2	615.057	562.916	812.468	374.088	435.382	453.431	901.987	812.684	999.892
sp|Q61879|MYH10_MOUSE	Myh10	12	3870.98	3748.52	5660.95	1830.75	2037	2275.15	2010.4	1966.4	2220.1
sp|Q61937|NPM_MOUSE	Npm1	8	636.399	745.258	1121.82	1067.94	1721.88	1307.78	2112.17	1769.19	3494.34
sp|Q61990|PCBP2_MOUSE	Pcbp2	4	2236.47	2151.78	2789.33	1567.58	1625.5	1772.35	2352.57	2434.86	2847.54
sp|Q62073|M3K7_MOUSE	Map3k7	1	57.1377	54.4113	84.2007	44.642	56.9489	47.6962	50.6087	44.1121	64.3165
sp|Q62093|SRSF2_MOUSE	Srsf2	1	88.7314	79.9769	97.3744	65.501	78.0631	78.843	72.9983	79.0879	114.068
sp|Q62167|DDX3X_MOUSE	Ddx3x	7	1788.61	1756.58	2295.76	1333.44	1297.8	1515.04	1924.04	2208.6	2728.13
sp|Q62187|TTF1_MOUSE	Ttf1	4	947.321	917.823	1297.05	1400.75	1616.99	1739.11	665.904	747.882	868.822
sp|Q62189|SNRPA_MOUSE	Snrpa	2	193.461	270.276	277.51	167.225	138.138	158.543	1061.18	972.436	1013.84
sp|Q62261|SPTB2_MOUSE	Sptbn1	20	4864.99	4411.74	6579.07	4233.21	3864.91	3860.97	5067.23	4805.6	5032.99
sp|Q62315|JARD2_MOUSE	Jarid2	10	1532.95	1544.7	1566.24	2905.42	3519.96	3487.94	1895.62	2373.96	3051.48
sp|Q62318|TIF1B_MOUSE	Trim28	38	8785.41	11133.4	15164	5990.18	5220.32	5642.45	6452.52	6443.59	7567.37
sp|Q62376|RU17_MOUSE	Snrnp70	5	406.324	400.319	562.442	286.287	308.804	358.712	2739.48	3056.85	3379.46
sp|Q64012|RALY_MOUSE	Raly	1	429.548	417.797	454.915	523.836	552.161	616.174	428.335	520.508	616.684
sp|Q64152|BTF3_MOUSE	Btf3	1	24.6163	25.6836	33.7719	65.2901	69.9484	70.5999	97.3029	81.6591	105.103
sp|Q64368|DAZL_MOUSE	Dazl	2	250.148	245.887	367.057	209.828	187.756	272.914	300.437	430.87	417.859
sp|Q64511|TOP2B_MOUSE	Top2b	1	155.647	150.475	181.209	627.75	715.535	687.632	99.6988	111.669	144.518
sp|Q64737|PUR2_MOUSE	Gart	1	192.524	186.191	225.44	141.031	167.098	170.508	374.614	343.509	427.118
sp|Q65Z40|WAPL_MOUSE	Wapal	1	83.514	81.3367	101.687	67.6777	54.8539	58.3387	110.431	108.373	139.749
sp|Q69ZA1|CDK13_MOUSE	Cdk13	4	353.467	386.018	442.015	543.199	490.421	573.344	637.02	658.785	837.491
sp|Q6A009|LTN1_MOUSE	Ltn1	3	336.257	337.886	391.708	201.86	228.237	264.198	308.434	286.556	375.479
sp|Q6A068|CDC5L_MOUSE	Cdc5l	1	207.695	194.33	290.818	200.003	202.994	192.949	280.985	294.054	373.837
sp|Q6A0A2|LAR4B_MOUSE	Larp4b	4	960.487	1005.86	1581.62	573.408	618.156	633.339	403.642	421.526	583.071
sp|Q6A4J8|UBP7_MOUSE	Usp7	1	164.64	172.12	225.711	225.045	273.861	302.156	366.513	322.424	411.557
sp|Q6DFW4|NOP58_MOUSE	Nop58	5	940.442	1021.45	1413.74	1174.44	1056.36	1148.56	1355.51	1391.31	1579.56
sp|Q6NS46|RRP5_MOUSE	Pdcd11	14	2568.89	2552.19	2561.43	3563.63	4523.64	4537.61	3217.73	3461.23	4639.68
sp|Q6NV83|SR140_MOUSE	U2surp	6	1119.19	1356.39	1449.9	758.498	600.085	678.92	1667.86	1536.35	1956.06
sp|Q6P5B0|RRP12_MOUSE	Rrp12	10	1689.82	1802.28	2497.51	2924	2577.58	2804.34	2415.86	2359.98	3239.85
sp|Q6P5D3|DHX57_MOUSE	Dhx57	25	5269.51	5076.68	4643.45	4873.06	5801.34	5909.38	3696.8	3774.85	4265.87
sp|Q6P5F9|XPO1_MOUSE	Xpo1	6	1152.7	1056.57	1247.82	1386.09	852.426	1041.65	2630.06	2863.98	4049.57
sp|Q6P9R1|DDX51_MOUSE	Ddx51	1	83.8091	89.3736	106.707	79.9242	89.9695	97.098	137.611	147.916	176.75
sp|Q6PAQ4|REXO4_MOUSE	Rexo4	2	326.462	373.242	858.922	536.128	539.834	522.133	904.909	1094.23	1241.99
sp|Q6PDM2|SRSF1_MOUSE	Srsf1	6	1102.49	1079.89	1461.1	1104.27	975.128	1083.76	1281.2	1228.07	1530.39
sp|Q6PDZ2|TAF1C_MOUSE	Taf1c	1	65.8651	71.3615	59.0974	95.3858	102.759	126.793	94.1985	99.872	139.622
sp|Q6PE01|SNR40_MOUSE	Snrnp40	2	354.667	333.772	435.499	286.125	290.789	300.662	786.877	761.955	799.104
sp|Q6PG16|HJURP_MOUSE	Hjurp	2	416.696	457.422	673.83	949.238	744.933	694.979	256.348	290.476	330.178
sp|Q6PGG6|GNL3L_MOUSE	Gnl3l	3	476.673	475.621	627.957	482.468	482.044	489.396	640.32	766.579	903.832
sp|Q6PIC6|AT1A3_MOUSE	Atp1a3	1	367.061	359.053	447.698	162.841	174.941	182.603	185.275	247.447	298.446
sp|Q6PR54|RIF1_MOUSE	Rif1	3	492.675	455.677	639.332	354.905	349.607	384.555	860.3	841.532	1092.9
sp|Q6VGS5|DAPLE_MOUSE	Ccdc88c	4	593.032	645.388	965.226	635.18	911.386	758.808	789.871	675.685	987.041
sp|Q6ZPL9|DDX55_MOUSE	Ddx55	1	269.426	265.099	285.115	313.734	225.266	334.816	216.098	251.785	305.682
sp|Q6ZQ08|CNOT1_MOUSE	Cnot1	14	1845.48	1883.94	2510.41	1290.03	1380.6	1535.04	3966.73	4090.19	5389.92
sp|Q6ZQ58|LARP1_MOUSE	Larp1	22	6082.74	6657.79	10081.4	4123.59	4281.85	4246.17	2961.88	2982.89	3509.97
sp|Q6ZWN5|RS9_MOUSE	Rps9	35	9268.36	9055.64	13415.8	14879.1	21833.9	16006.6	15783.3	15490.7	19362.7
sp|Q6ZWU9|RS27_MOUSE	Rps27	11	1584.86	1575.98	2148.16	2635.91	3507.66	3107.57	2857.2	2855.06	3435.18
sp|Q6ZWV3|RL10_MOUSE	Rpl10	17	3399.05	3202.03	4597.85	5065.13	5394.19	5467.11	4762.58	5162.67	5490.13
sp|Q6ZWV7|RL35_MOUSE	Rpl35	6	1641.57	1526.18	3470.35	1976.43	2897.22	2081.29	2810.39	1904.97	2527.25
sp|Q6ZWY3|RS27L_MOUSE	Rps27l	1	263.136	231.031	268.538	388.759	245.329	363.705	359.078	449.697	497.743
sp|Q76MZ3|2AAA_MOUSE	Ppp2r1a	1	114.3	108.266	152.399	114.946	125.478	126.121	170.121	166.603	194.137
sp|Q78ZA7|NP1L4_MOUSE	Nap1l4	1	197.735	203.137	264.893	158.972	169.159	161.213	197.772	206.434	244.273
sp|Q7TMK9|HNRPQ_MOUSE	Syncrip	1	276.094	323.321	426.853	206.846	223.076	252.104	420.898	470.329	570.776
sp|Q7TNC4|LC7L2_MOUSE	Luc7l2	9	1166.99	1178.65	1736.16	1121.8	1201.06	1337.71	2475.18	2339.96	2937.24
sp|Q7TND5|RPF1_MOUSE	Rpf1	2	199.8	191.959	253.069	288.743	346.224	333.602	268.172	267.76	310.816
sp|Q7TPD0|INT3_MOUSE	Ints3	1	32.5334	35.6844	43.8981	27.0914	19.2417	23.561	66.8507	81.1888	99.453
sp|Q7TPV4|MBB1A_MOUSE	Mybbp1a	39	6908.35	7125.23	9438.92	7649.22	6926.96	7537.53	10736.3	12269.3	15970.7
sp|Q7TQH0-2|ATX2L_MOUSE	Atxn2l	3	468.321	492.456	734.143	363.316	330.451	339.824	389.559	412.273	482.926
sp|Q7TSE6|ST38L_MOUSE	Stk38l	16	6169.15	5355.06	7443.92	4159.36	3595.76	4006.19	3184.68	3059.3	2860.74
sp|Q7TSI3|PP6R1_MOUSE	Ppp6r1	1	153.401	143.11	193.299	88.8402	107.542	116.666	148.668	122.956	148.507
sp|Q7TSZ8|NACC1_MOUSE	Nacc1	2	460.453	451.889	484.311	329.643	348.402	416.307	458.762	493.747	547.975
sp|Q7TT37|ELP1_MOUSE	Ikbkap	1	105.826	84.6187	106.951	74.7115	66.3965	84.0765	115.158	141.963	210.049
sp|Q80SY5|PR38B_MOUSE	Prpf38b	2	529.819	548.113	642.105	277.308	303.822	376.593	1898.57	2066.22	2276.71
sp|Q80T69|RSBN1_MOUSE	Rsbn1	3	379.227	383.169	567.378	508.698	543.261	542.901	484.178	465.337	557.579
sp|Q80U70|SUZ12_MOUSE	Suz12	16	2804.41	2932.97	4018.31	5959.67	5662.73	6289.46	3102.68	3553.98	4306.59
sp|Q80UW8|RPAB1_MOUSE	Polr2e	1	88.3695	92.2991	125.404	107.761	86.3297	128.966	70.7279	95.9555	86.7804
sp|Q80UZ2|SDA1_MOUSE	Sdad1	8	3671.24	3538.18	4688.43	3389.05	3387.06	3539.91	1521.46	1425.94	1703.19
sp|Q80VC9|CAMP3_MOUSE	Camsap3	4	393.975	410.162	530.04	371.811	409.666	402.487	457.697	421.662	518.027
sp|Q80VD1|FA98B_MOUSE	Fam98b	2	81.1252	75.8655	110.864	102.149	126.155	119.417	1431.4	1296.57	1754.17
sp|Q80WE4|KI20B_MOUSE	Kif20b	30	7657.56	6873.42	9785.35	6420.35	7063.01	6772.11	7030.53	6571.52	7264.18
sp|Q80WW9|DDRGK_MOUSE	Ddrgk1	1	94.1809	100.485	110.512	96.2868	107.26	116.073	102.339	101.119	122.311
sp|Q80X44|ZBT24_MOUSE	Zbtb24	1	185.548	174.188	277.602	129.83	159.171	153.181	91.4365	89.599	97.8411
sp|Q80Y44|DDX10_MOUSE	Ddx10	1	68.5404	64.2118	87.3486	103.174	139.094	125.325	83.901	89.9359	106.424
sp|Q80ZS3|RT26_MOUSE	Mrps26	1	13.5397	16.6734	23.1043	11.8895	13.5952	14.9148	39.2476	35.8163	48.443
sp|Q8BFR5|EFTU_MOUSE	Tufm	1	166.001	155.718	213.115	90.2168	100.67	100.332	220.54	218.905	259.655
sp|Q8BG05|ROA3_MOUSE	Hnrnpa3	2	248.17	236.742	324.18	143.479	123.566	144.248	442.702	422.812	529.53
sp|Q8BG17|NOL12_MOUSE	Nol12	2	393.763	394.449	511.771	706.107	730.261	775.96	689.032	623.411	731.889
sp|Q8BG32|PSD11_MOUSE	Psmd11	2	806.943	670.041	883.973	459.039	401.822	481.535	913.487	866.521	915.252
sp|Q8BGA5|KRR1_MOUSE	Krr1	3	441.794	477.129	632.756	769.957	771.398	758.972	838.698	780.471	905.697
sp|Q8BGD9|IF4B_MOUSE	Eif4b	21	4582.83	5419.28	9653.47	4092.29	3953.5	3430.18	4358.93	3733.33	5064.7
sp|Q8BGS0|MAK16_MOUSE	Mak16	7	1325.51	1399.07	1474.13	2031.88	2084.75	2124.95	1471.94	1629.45	1869.64
sp|Q8BHL5|ELMO2_MOUSE	Elmo2	4	1197.06	1158.02	1568.91	780.791	854.272	898.448	919.751	810.685	856.178
sp|Q8BIR2|ASTE1_MOUSE	Aste1	1	15.1373	16.745	24.1481	20.2265	29.1945	24.8651	337.389	252.673	323.702
sp|Q8BJS4|SUN2_MOUSE	Sun2	4	1041.4	975.95	1324.86	868.276	923.455	1009.73	911.087	773.921	880.581
sp|Q8BK64|AHSA1_MOUSE	Ahsa1	1	79.0195	76.0495	110.516	79.4697	83.7263	80.7666	139.38	143.895	167.065
sp|Q8BK72|RT27_MOUSE	Mrps27	2	269.039	296.516	376.339	171.764	203.816	212.234	661.113	625.56	718.797
sp|Q8BKC5|IPO5_MOUSE	Ipo5	3	908.206	771.523	1023.98	520.971	482.397	556.646	1262.62	1121.95	1249.28
sp|Q8BKI2|TNR6B_MOUSE	Tnrc6b	1	113.112	95.9029	134.274	76.104	61.5712	57.6954	94.7863	95.4977	109.125
sp|Q8BKS9|K0020_MOUSE	Kiaa0020	5	2050.64	2219.24	2485.05	2115.86	1700.73	1829.21	1704.61	1583.37	1752.37
sp|Q8BMF4|ODP2_MOUSE	Dlat	1	23.4582	21.5606	35.3252	30.5313	32.7334	34.9084	39.4409	40.3372	45.7915
sp|Q8BP67|RL24_MOUSE	Rpl24	32	8174.83	7980.83	11138.5	11089.8	11542.7	11643.1	10881.3	11580.6	12389.4
sp|Q8BSQ9|PB1_MOUSE	Pbrm1	5	1045.58	999.643	1407.89	1299.97	1357.27	1484.67	1369.71	1360.58	1711.35
sp|Q8BTM8|FLNA_MOUSE	Flna	24	4711.85	4714.49	6874.53	3837.07	3814.65	3748.52	4910.67	4453.86	5476.96
sp|Q8BVE3|VATH_MOUSE	Atp6v1h	2	389.891	365.569	436.309	261.092	288.037	314.114	670.872	720.703	814.61
sp|Q8BWW4|LARP4_MOUSE	Larp4	17	3593.25	3778.8	4935.52	1934.84	1908.5	1896.46	1103.54	1236.37	1446.86
sp|Q8BWY3|ERF1_MOUSE	Etf1	3	325.933	333.888	444.805	164.372	164.672	209.946	1786.62	1614.03	1666.9
sp|Q8BX10|PGAM5_MOUSE	Pgam5	4	1315.07	1357.12	1712.5	798.494	802.958	922.119	990.83	895.919	1065.51
sp|Q8BY02|NKRF_MOUSE	Nkrf	1	340.4	303.861	352.75	447.81	438.021	494.019	298.385	350.798	415.062
sp|Q8BYK6|YTHD3_MOUSE	Ythdf3	1	299.233	323.306	423.286	226.29	215.113	212.882	443.815	484.349	518.763
sp|Q8BZX4-2|SREK1_MOUSE	Srek1	8	2738.68	2767.16	3553.87	2721.55	2824.9	3112.94	3062.26	3075.3	3622.36
sp|Q8C2Q3|RBM14_MOUSE	Rbm14	7	556.404	503.44	782.743	521.639	473.24	397.448	620.258	1002.23	1110.03
sp|Q8C4M7|CENPU_MOUSE	Cenpu	2	345.755	383.039	552.552	611.53	706.648	667.472	459.417	474.869	575.74
sp|Q8C5L7|RBM34_MOUSE	Rbm34	7	1436.99	1427.04	1914.84	1586.75	1517.45	1621.05	2331.13	2201.88	2572.7
sp|Q8C854|MYEF2_MOUSE	Myef2	5	957.814	1088.69	1356.48	733.776	715.691	775.017	1022.87	1160.3	1412.76
sp|Q8CAQ8|IMMT_MOUSE	Immt	1	29.5904	33.6284	57.0193	22.5132	27.2614	24.1306	26.3324	18.9785	63.9766
sp|Q8CCF0|PRP31_MOUSE	Prpf31	26	6657.5	6957.26	9474.11	5941.02	6073.09	6098.81	6136.95	5152.02	6227.48
sp|Q8CCJ3|UFL1_MOUSE	Ufl1	10	2897.66	2684.56	3667.11	2295.01	2284.63	2377.89	2056.79	1795.82	2135.41
sp|Q8CCP0|NEMF_MOUSE	Nemf	28	9205.46	8547.39	11389.2	1649.58	1518.84	1888.74	8020.99	7804.2	9113.11
sp|Q8CF89|TAB1_MOUSE	Tab1	2	190.759	217.143	296.931	167.467	200.069	195.02	206.157	172.977	225.064
sp|Q8CFE4|SCYL2_MOUSE	Scyl2	11	2243.17	2051.44	3056.3	1492.69	1404.12	1397.94	2402.07	2014.58	2346.4
sp|Q8CFI7|RPB2_MOUSE	Polr2b	2	176.407	182.805	227.165	193.643	229.656	222.516	164.522	148.711	199.763
sp|Q8CG48|SMC2_MOUSE	Smc2	1	89.3022	96.0625	138.202	75.0299	87.0051	80.5387	317.014	311.123	398.222
sp|Q8CGC6|RBM28_MOUSE	Rbm28	17	3649	3693.76	5215.88	5058.12	5232.54	5605.57	5047.57	4904.8	5690.93
sp|Q8CGY8|OGT1_MOUSE	Ogt	13	2984.9	2866.02	3986.29	2516.58	2586.15	2587.57	2909.09	2716.35	3090.84
sp|Q8CI11|GNL3_MOUSE	Gnl3	29	6659.46	7067.13	10334.8	10081.4	9813.29	9540	8851.37	9525.53	11144.6
sp|Q8CIE6|COPA_MOUSE	Copa	1	192.416	213.301	244.553	194.537	194.964	208.734	306.042	297.751	355.362
sp|Q8CIG8|ANM5_MOUSE	Prmt5	13	3905.14	3747.82	4277.73	2963.37	3002.13	3381.95	2801.8	2886.41	3304.45
sp|Q8CIW5|PEO1_MOUSE	Peo1	5	180.782	168.117	242.48	270.152	356.282	380.897	269.046	260.201	324.658
sp|Q8JZQ9|EIF3B_MOUSE	Eif3b	1	68.8708	66.9765	100.487	37.4684	34.2915	27.2019	151.743	183.539	203.708
sp|Q8JZX4|SPF45_MOUSE	Rbm17	6	1429.6	1888.08	2028.76	1046.84	788.566	989.063	1920.57	2041.75	2263.94
sp|Q8K0H5|TAF10_MOUSE	Taf10	1	133.989	146.44	197.775	127.428	154.619	133.163	132.443	135.515	227.515
sp|Q8K0V4|CNOT3_MOUSE	Cnot3	3	485.543	484.624	670.565	319.354	390.974	386.071	1102.85	1233.72	1534.07
sp|Q8K224|NAT10_MOUSE	Nat10	5	355.345	366.71	387.502	530.281	620.33	637.326	667.244	695.953	965.927
sp|Q8K2V6|IPO11_MOUSE	Ipo11	2	268.283	260.467	346.035	266.468	244.743	288.929	354.747	353.909	447.371
sp|Q8K310|MATR3_MOUSE	Matr3	1	233.331	236.788	359.765	177.296	205.076	198.605	285.404	319.509	434.747
sp|Q8K363|DDX18_MOUSE	Ddx18	21	3297.39	3374.13	5025.99	7992.87	8498.14	9089.03	5123.05	4549.56	6365.03
sp|Q8K370|ACD10_MOUSE	Acad10	2	150.275	162.38	228.489	316.756	383.485	438.711	201.072	169.744	206.053
sp|Q8K3F7|TDH_MOUSE	Tdh	2	110.381	102.945	134.962	105.63	80.5519	81.6333	168.509	178.257	168.236
sp|Q8K3Y3|LN28A_MOUSE	Lin28a	2	569.015	673.485	929.526	514.22	517.122	533.649	298.249	295.883	307.811
sp|Q8K4L0|DDX54_MOUSE	Ddx54	14	2448.55	2325.55	2917.52	2700.36	2995.48	2958.2	2754.25	2616.11	2927.65
sp|Q8QZY1|EIF3L_MOUSE	Eif3l	1	20.5399	27.5961	28.6073	35.0385	29.2025	31.7654	39.3616	58.2153	48.3732
sp|Q8R1B4|EIF3C_MOUSE	Eif3c	1	89.0923	68.8152	127.437	76.4908	162.474	66.1082	106.737	118.369	153.023
sp|Q8R1F9|RPP40_MOUSE	Rpp40	2	482.959	497.556	700.58	566.42	629.032	700.111	981.258	513.268	632.207
sp|Q8R323|RFC3_MOUSE	Rfc3	1	81.2087	80.8481	115.026	61.9409	56.055	52.0866	163.331	167.936	210.591
sp|Q8R326|PSPC1_MOUSE	Pspc1	3	868.5	758.339	1028.12	625.869	542.379	526.418	655.18	637.655	658.653
sp|Q8R3N1|NOP14_MOUSE	Nop14	1	65.4225	59.5302	81.3127	71.9569	84.6374	84.1002	130.376	139.168	176.798
sp|Q8R574|KPRB_MOUSE	Prpsap2	29	9226.44	8942.47	11693.7	4703.03	4470.64	4713.28	5687.74	5791.68	5720.97
sp|Q8VC52|RBPS2_MOUSE	Rbpms2	2	200.666	213.69	275.653	191.263	175.565	212.341	289.484	341.902	425.49
sp|Q8VCG3|WDR74_MOUSE	Wdr74	2	122.744	112.121	163.825	215.412	247.063	234.806	192.983	197.303	224.35
sp|Q8VDD5|MYH9_MOUSE	Myh9	26	8790.73	8080.39	12940	3632.14	3628.37	4280.7	3745.44	3622.84	4303.18
sp|Q8VDM4|PSMD2_MOUSE	Psmd2	4	879.441	842.159	1037.82	520.916	514.045	567.946	1155.09	1057.16	1340
sp|Q8VDM6|HNRL1_MOUSE	Hnrnpul1	16	3013.8	3044.33	4029.95	2987.01	3197.92	3436.15	3690.92	3697.8	4440.54
sp|Q8VEJ4|NLE1_MOUSE	Nle1	2	383.956	390.837	403.892	366.349	492.461	449.325	313.944	273.621	405.606
sp|Q8VEK3|HNRPU_MOUSE	Hnrnpu	17	2042.32	2251.51	2546.73	5553.3	6862.82	6998.65	3980.05	4174.77	5869.26
sp|Q8VEM8|MPCP_MOUSE	Slc25a3	1	101.166	96.4964	124.367	69.1805	47.4454	59.9332	233.187	216.612	262.557
sp|Q8VH51|RBM39_MOUSE	Rbm39	21	4630.99	5255.82	6880.93	4354.04	5484.89	5023.54	5228.7	4819.2	7397.45
sp|Q8VI63|MOB2_MOUSE	Mob2	2	547.353	598.778	787.792	455.11	413.994	452.297	628.44	634.163	706.421
sp|Q8VI75|IPO4_MOUSE	Ipo4	9	3238.59	2995.58	3923.51	1643.76	1438.25	1565.12	3314.55	3130.5	3609.9
sp|Q8VI84|NOC3L_MOUSE	Noc3l	3	624.624	1171.35	938.449	723.675	563.094	735.629	498.873	589.344	777.255
sp|Q8VIJ6|SFPQ_MOUSE	Sfpq	2	305.016	285.413	415.257	269.669	317.536	269.106	516.763	395.084	496.413
sp|Q91VC3|IF4A3_MOUSE	Eif4a3	3	505.771	519.156	892.272	320.164	324	358.039	352.279	348.096	428.129
sp|Q91VE6|MK67I_MOUSE	Nifk	1	509.168	541.427	766.024	555.594	682.466	596.813	619.225	531.493	592.392
sp|Q91VJ4|STK38_MOUSE	Stk38	39	18336.5	15739.9	22548.8	12801.9	13058	13319.9	9629.51	8624.39	8515.66
sp|Q91VR5|DDX1_MOUSE	Ddx1	13	942.602	946.488	1325.73	966.952	1176.44	1057.91	5649.45	5558.95	7738.77
sp|Q91VY9|ZN622_MOUSE	Znf622	43	14822.9	14438	20823.3	8179.71	10552.2	8399.5	5699.47	5996.81	6766.19
sp|Q91WK0|LRRF2_MOUSE	Lrrfip2	2	222.227	173.68	264.525	169.361	166.079	185.036	156.06	136.174	125.841
sp|Q91YE5|BAZ2A_MOUSE	Baz2a	4	704.57	730.673	810.576	798.04	775.728	812.657	666.476	679.386	845.439
sp|Q91YE7|RBM5_MOUSE	Rbm5	3	1183.1	1185.79	1666.18	1357.6	1132.35	1240.37	780.044	738.361	885.948
sp|Q91YK2|RRP1B_MOUSE	Rrp1b	22	3688.11	4047.3	5792.77	7418.53	7276.27	7299.6	5865.25	6959.69	8197
sp|Q91YR7|PRP6_MOUSE	Prpf6	1	178.307	181.791	232.757	150.978	154.583	152.352	337.46	361.437	422.757
sp|Q91YU8|SSF1_MOUSE	Ppan	8	1185.13	1156.99	1494.96	1583.86	1695.79	1904.54	1994.4	1976.63	2286.75
sp|Q91ZW3|SMCA5_MOUSE	Smarca5	13	2760.46	2791.93	3703.54	3194.54	3347.36	3513.19	3463.64	3694	4480.33
sp|Q920Q8|NS1BP_MOUSE	Ivns1abp	25	6046.02	6041.14	10071.3	2784.97	2881.6	2726.16	3833.45	3552.32	3772.88
sp|Q921E6|EED_MOUSE	Eed	10	1826.82	1953.48	2806.45	3655.62	4123.74	4464.86	2319.28	2490.09	3146.06
sp|Q921M3|SF3B3_MOUSE	Sf3b3	12	2511.73	2440.98	2978.93	1589.63	1519.71	1610.17	2504.35	2438.47	2988.53
sp|Q921N6|DDX27_MOUSE	Ddx27	15	2449.58	2525.28	3366.53	3723.82	3946.35	4123.56	3396.55	3096.51	3787.17
sp|Q922D4|PP6R3_MOUSE	Ppp6r3	3	698.98	653.63	846.537	476.388	409.145	521.087	659.102	705.715	798.16
sp|Q922F4|TBB6_MOUSE	Tubb6	5	714.157	699.73	880.569	534.686	477.841	511.205	1114.35	1203.51	1283.9
sp|Q922J9|FACR1_MOUSE	Far1	1	82.7305	90.8227	89.1624	152.299	88.5137	99.2967	138.783	132.82	172.077
sp|Q922Q2|RIOK1_MOUSE	Riok1	1	78.6172	78.8923	112.781	63.278	57.1482	68.7233	177.487	165.757	207.965
sp|Q924C1|XPO5_MOUSE	Xpo5	2	343.031	315.058	381.985	224.764	227.665	262.533	338.306	351.185	473.729
sp|Q925I1|ATAD3_MOUSE	Atad3	2	304.994	280.774	448.66	240.975	205.397	206.372	441.498	415.919	526.568
sp|Q99J09|MEP50_MOUSE	Wdr77	6	908.494	995.841	1305.08	698.667	675.369	742.493	741.403	713.85	862.631
sp|Q99J62|RFC4_MOUSE	Rfc4	1	121.313	131.915	175.008	113.315	109.866	120.558	351.557	386.925	445.278
sp|Q99J72|ABEC3_MOUSE	Apobec3	9	1148.15	1260.04	1299.47	719.342	724.666	878.079	3999.34	4360.34	4837.45
sp|Q99JI4|PSMD6_MOUSE	Psmd6	4	831.169	780.493	1089.31	549.257	521.383	616.035	1089.62	941.131	1085.2
sp|Q99JY9|ARP3_MOUSE	Actr3	2	509.933	474.9	686.573	268.743	253.153	297.717	293.795	260.152	384.898
sp|Q99K48|NONO_MOUSE	Nono	3	290.666	271.654	412.315	254.653	262.586	266.546	377.323	331.064	400.6
sp|Q99KG3|RBM10_MOUSE	Rbm10	24	4525.88	4874.5	6965.07	4944.01	5010.63	4905.31	2934.27	2710.03	3378.8
sp|Q99L28|RLP24_MOUSE	Rsl24d1	5	956.139	946.444	1248.48	717.773	713.05	799.882	581.708	576.445	607.145
sp|Q99L48|NMD3_MOUSE	Nmd3	39	18887.2	18135	20542.7	10205.1	12271.1	10669	8589.65	7403.55	8167.27
sp|Q99LE6|ABCF2_MOUSE	Abcf2	4	561.726	572.876	781.36	312.712	330.735	370.581	2041.74	2241.51	2657.91
sp|Q99LF4|RTCB_MOUSE	Rtcb	10	793.991	776.716	1049.7	849.425	972.414	1028.18	5996.87	5674.8	6782.12
sp|Q99LH1|NOG2_MOUSE	Gnl2	29	9314.44	9411.16	13851.4	7795.69	7012.83	7149.61	4067.72	4398.36	4963.34
sp|Q99LL5|PWP1_MOUSE	Pwp1	7	1567.62	1636.77	2172.21	1684.6	1396.87	1652.51	2119.13	1935.81	2285.93
sp|Q99LM2|CK5P3_MOUSE	Cdk5rap3	5	1854.43	1772.52	2392.2	1667.66	1549.61	1533.58	1657.77	1476.38	1594.79
sp|Q99ME9|NOG1_MOUSE	Gtpbp4	35	14510.6	13725.8	18212.1	10990.6	10853.8	11329.5	8584.83	9381.79	10518.5
sp|Q99MJ9|DDX50_MOUSE	Ddx50	18	2517.62	2480.98	3438.83	2860.34	3091.71	3362.1	3137.71	3089.52	3633.54
sp|Q99MR6|SRRT_MOUSE	Srrt	1	249.136	256.084	346.186	130.405	156.79	145.319	290.415	251.807	341.285
sp|Q99MR8|MCCA_MOUSE	Mccc1	6	870.873	860.481	1068.68	727.653	892.442	910.97	1079.7	971.24	1159.75
sp|Q99N87|RT05_MOUSE	Mrps5	1	159.438	162.687	206.86	110.523	134.462	138.522	648.168	634.28	723.826
sp|Q99NB9|SF3B1_MOUSE	Sf3b1	9	2124.78	2275.69	3276.46	1419.35	1518.45	1606.32	2392.06	2187.43	2671.23
sp|Q99NH0|ANR17_MOUSE	Ankrd17	5	681.981	677.037	900.223	923.503	1160.07	1244.92	1168.88	1163.62	1558.87
sp|Q99PU8|DHX30_MOUSE	Dhx30	32	5360.69	5494.6	7349.26	6817.53	7427.42	7510.16	8531.78	8216.92	9310.3
sp|Q9CPN8|IF2B3_MOUSE	Igf2bp3	3	478.624	511.968	667.384	590.248	732.193	731.555	754.313	818.785	1002.03
sp|Q9CPR4|RL17_MOUSE	Rpl17	78	18220	19490.3	23148.1	26673.4	28431.3	30272.6	23771.1	26004.3	27611.7
sp|Q9CPR5|RM15_MOUSE	Mrpl15	2	239.401	249.782	365.322	411.003	434.562	448.601	553.103	608.14	628.428
sp|Q9CPS7|PNO1_MOUSE	Pno1	2	137.105	146.157	176.248	121.148	155.364	166.786	475.919	472.632	510.859
sp|Q9CPT5|NOP16_MOUSE	Nop16	7	1600.71	1451.33	1745.35	2144.58	2225.14	2263.21	2700.22	2476.72	2438.66
sp|Q9CQ90|CI085_MOUSE		1	624.016	583.034	797.735	436.433	307.527	405.501	452.919	499.391	472.19
sp|Q9CQE3|RT17_MOUSE	Mrps17	1	341.095	405.609	452.955	234.47	238.843	270.947	1062.09	1029.32	1038.83
sp|Q9CQE8|CN166_MOUSE		8	483.013	494.889	652.202	609.463	485.73	577.857	3267.46	3410.98	4122.53
sp|Q9CQH8|RPP14_MOUSE	Rpp14	1	40.6797	38.8263	53.4775	58.1893	59.6856	68.1883	68.2665	63.419	70.9963
sp|Q9CQR2|RS21_MOUSE	Rps21	9	1968.28	1288.72	2063.19	2299.92	2267.07	2196.04	2311.26	2272.28	3016.27
sp|Q9CQR6|PPP6_MOUSE	Ppp6c	1	198.147	202.898	231.044	108.561	98.4432	132.244	196.152	178.874	193.6
sp|Q9CR02|TMA16_MOUSE	Tma16	5	1264.88	1328.38	1811.02	1264.49	1264.45	1308.87	520.122	497.323	514.728
sp|Q9CR47|NSA2_MOUSE	Nsa2	9	3658.59	3737.65	4373.41	2522.19	2717.17	2858.73	2072.46	2029.84	2231.22
sp|Q9CR57|RL14_MOUSE	Rpl14	25	6442.72	7084.26	10430.4	9368.09	10365.6	10657.8	8951.39	10179.3	11748.4
sp|Q9CR62|M2OM_MOUSE	Slc25a11	1	150.636	153.464	183.54	135.908	134.489	162.293	195.959	227.12	287.742
sp|Q9CRB2|NHP2_MOUSE	Nhp2	1	97.2819	114.262	148.59	103.47	112.052	122.173	295.16	308.854	335.219
sp|Q9CRT8|XPOT_MOUSE	Xpot	1	194.795	180.432	231.533	153.24	153.133	173.294	234.737	281.249	348.618
sp|Q9CS42|PRPS2_MOUSE	Prps2	23	8456.6	8936.87	12113.3	3877.98	3126.73	3940.24	4616.76	4438.87	4375.16
sp|Q9CTH6|FCF1_MOUSE	Fcf1	1	84.815	102.552	134.011	193.698	116.477	162.391	164.864	190.201	197.764
sp|Q9CWF2|TBB2B_MOUSE	Tubb2b	3	887.249	908.964	1204.95	675.475	482.234	557.578	1414.23	1588.36	1677.46
sp|Q9CWH6|PSA7L_MOUSE	Psma8	1	78.1769	76.2432	109.204	75.5465	87.1074	91.7891	81.6718	92.9729	96.6137
sp|Q9CWZ3|RBM8A_MOUSE	Rbm8a	1	99.3263	111.388	158.477	54.2346	48.4353	49.866	52.2899	53.2616	45.535
sp|Q9CX11|UTP23_MOUSE	Utp23	3	297.267	303.443	387.399	387.224	354.654	415.643	461.606	538.894	625.455
sp|Q9CXK8|NIP7_MOUSE	Nip7	3	389.941	502.488	614.154	748.332	1008.73	904.565	678.047	485.464	596.4
sp|Q9CXW2|RT22_MOUSE	Mrps22	1	97.5216	103.552	139.94	76.316	64.5172	65.4224	238.608	254.368	290.867
sp|Q9CXW4|RL11_MOUSE	Rpl11	31	4664.34	4486.67	5816.05	6067.8	7733.1	7321.28	6660.12	6338.47	7307.62
sp|Q9CXY6|ILF2_MOUSE	Ilf2	3	258.807	259.984	332.711	257.675	283.761	300.32	565.216	603.94	668.871
sp|Q9CY50|SSRA_MOUSE	Ssr1	1	225.687	212.005	299.891	179.216	159.046	184.989	931.893	1057.69	963.088
sp|Q9CY57|CHTOP_MOUSE	Chtop	1	54.6912	52.5798	83.1933	82.7131	74.7893	82.7806	118.681	107.641	144.931
sp|Q9CY58|PAIRB_MOUSE	Serbp1	31	5287.01	4954.86	8557.58	16923.2	19413.3	16222.2	11439	11138.6	14033.2
sp|Q9CY58-2|PAIRB_MOUSE	Serbp1	1	143.26	121.725	174.47	659.813	504.54	647.384	229.847	376.867	322.113
sp|Q9CY66|GAR1_MOUSE	Gar1	4	607.478	545.384	755.289	580.829	580.707	628.886	1985.49	1874.56	2200.39
sp|Q9CYH6|RRS1_MOUSE	Rrs1	6	1175.29	1247.73	1708.31	1308.86	1553	1568.83	1203.3	1265.04	1532.08
sp|Q9CYI4|LUC7L_MOUSE	Luc7l	7	1212.86	1244.5	1663.51	1336.36	1509.82	1588.32	3244.15	2827.54	3010.38
sp|Q9CYX7|RRP15_MOUSE	Rrp15	3	589.48	607.786	858.472	844.929	929.764	859.505	1361.43	1142.12	1224.28
sp|Q9CZ92|CENPP_MOUSE	Cenpp	1	125.145	123.989	153.479	152.953	169.482	178.307	143.688	146.306	175.794
sp|Q9CZA6|NDE1_MOUSE	Nde1	1	142.404	132.071	177.68	141.57	125.424	137.688	120.687	113.341	139.552
sp|Q9CZD3|SYG_MOUSE	Gars	1	142.827	128.208	189.432	124.1	129.244	130.995	169.154	190.3	218.507
sp|Q9CZM2|RL15_MOUSE	Rpl15	20	4504.42	4977.99	7791.77	5572.05	5905.13	5777.82	4875.24	6029.88	7847.11
sp|Q9CZU3|SK2L2_MOUSE	Skiv2l2	2	411.839	420.66	521.229	309.105	397.432	375.056	506.391	497.619	577.43
sp|Q9CZX8|RS19_MOUSE	Rps19	20	4264.01	4648.71	6370.37	8020.42	7165.21	7868.82	10495.3	9967.26	10642.9
sp|Q9D0B6|PBDC1_MOUSE	Pbdc1	5	420.348	423.48	564.208	366.724	388.334	448.203	2994.36	3483.9	3518.42
sp|Q9D0D4|DIM1_MOUSE	Dimt1	4	582.699	630.634	776.708	957.982	1149.68	1238.44	1455.35	1294.65	1486.35
sp|Q9D0E1|HNRPM_MOUSE	Hnrnpm	27	8588.69	8807.75	12586.7	5478.05	6176	5792.51	5742.22	5997.08	6876.45
sp|Q9D0I8|MRT4_MOUSE	Mrto4	18	7769.44	8063.83	10519.6	5022.77	4430.12	5001.94	5903.55	5275.21	5646.46
sp|Q9D0I9|SYRC_MOUSE	Rars	1	129.012	122.334	158.972	104.779	103.727	104.275	330.876	316.015	428.354
sp|Q9D0T1|NH2L1_MOUSE	Nhp2l1	4	354.723	407.187	503.375	586.837	561.424	609.176	695.636	611.378	683.316
sp|Q9D0T2|DUS12_MOUSE	Dusp12	1	107.377	112.931	172.382	100.337	240.986	110.389	188.166	145.502	161.464
sp|Q9D1B9|RM28_MOUSE	Mrpl28	1	411.168	388.867	540.328	594.319	678.345	660.225	476.173	505.426	577.846
sp|Q9D1N9|RM21_MOUSE	Mrpl21	1	67.3872	68.652	78.5709	60.2439	69.6185	73.1713	163.638	176.221	212.071
sp|Q9D1R9|RL34_MOUSE	Rpl34	11	2775.14	2759.09	4562.1	3418.96	3808.44	3196.64	2970.88	3638.36	4087.34
sp|Q9D2L9|F111A_MOUSE	Fam111a	1	141.029	133.573	187.075	231.314	257.961	279.742	177.051	195.539	213.012
sp|Q9D384|U1SBP_MOUSE	Snrnp35	1	144.655	147.934	188.129	151.659	184.869	184.778	220.579	231.38	284.958
sp|Q9D6Z1|NOP56_MOUSE	Nop56	12	2279.85	2376.83	3319.22	2813.74	3089.69	3266.45	3763.41	4009.49	4686.56
sp|Q9D7G0|PRPS1_MOUSE	Prps1	7	3050.15	3281.2	4103.3	1384.49	1392.67	1584.09	1575.44	1513.08	1484.21
sp|Q9D7S7|RL22L_MOUSE	Rpl22l1	3	308.749	357.508	492.474	535.518	370.762	444.341	767.684	661.508	700.543
sp|Q9D7Z3|NOL7_MOUSE	Nol7	1	339.982	341.306	438.912	315.099	355.69	371.774	253.761	218.419	239.831
sp|Q9D823|RL37_MOUSE	Rpl37	3	190.138	126.745	324.162	187.416	192.542	206.08	317.802	311.557	308.812
sp|Q9D880|TIM50_MOUSE	Timm50	1	283.657	269.644	368.66	178.123	188.345	219.646	394.227	462.785	523.902
sp|Q9D883|U2AF1_MOUSE	U2af1	5	611.366	619.847	834.472	384.199	422.325	397.672	1930.83	1761.64	2459.18
sp|Q9D8E6|RL4_MOUSE	Rpl4	118	22572.1	25130.6	38603.8	34965.2	44894.9	39999	29233.5	34182.9	42662.9
sp|Q9D8M4|RL7L_MOUSE	Rpl7l1	3	1017.83	1017.94	1207.51	834.594	912.236	939	902.298	867.089	1048.12
sp|Q9D8N0|EF1G_MOUSE	Eef1g	4	643.126	582.714	787.745	695.255	451.096	470.269	1747.06	1780.33	2115.01
sp|Q9D8W5|PSD12_MOUSE	Psmd12	3	686.262	620.05	914.054	456.934	384.488	394.878	913.164	809.169	851.588
sp|Q9D8X2|CC124_MOUSE	Ccdc124	3	197.408	212.52	335.282	1366.13	1041.02	1201.77	192.575	194.604	236.23
sp|Q9D903|EBP2_MOUSE	Ebna1bp2	18	5493.08	5605.84	7062.71	6932.15	7053.35	7312.32	6717.55	6943.96	6697.56
sp|Q9D945|LLPH_MOUSE	Llph	6	1937.52	1860.47	1949.12	1716.69	1622.61	1696.84	1770.91	1572.87	1615.63
sp|Q9DB42|ZN593_MOUSE	Znf593	3	863.66	753.63	1010.77	702.052	727.032	795.322	416.406	349.444	374.948
sp|Q9DBD5|PELP1_MOUSE	Pelp1	3	461.348	494.984	643.943	383.697	423.67	434.57	523.511	531.307	678.734
sp|Q9DBE9|SPB1_MOUSE	Ftsj3	22	3585.08	3670.6	5286.03	6259.76	6438.44	6722.53	3281.13	3338.89	4483.1
sp|Q9DBR0|AKAP8_MOUSE	Akap8	4	508.223	536.637	777.252	393.845	303.109	328.428	475.712	547.668	630.523
sp|Q9DBR1|XRN2_MOUSE	Xrn2	8	1222.84	1187.21	1714.31	1406.53	1409.55	1437.26	1026.28	1070.02	1327.94
sp|Q9DBY8|NVL_MOUSE	Nvl	21	2118.88	2105.79	3093.73	8791.27	7693.92	8768.46	4257.09	5531.86	6421.76
sp|Q9DCA5|BRX1_MOUSE	Brix1	20	6670.43	6547.25	8392.37	6409.25	7481.54	7371.91	6753.21	6664.03	7379.54
sp|Q9DCH2|POP7_MOUSE	Pop7	1	201.29	208.699	308.337	378.993	442.302	467.355	405.594	459.199	445.973
sp|Q9EP89|LACTB_MOUSE	Lactb	9	2730.61	2382.48	3090.33	5035.28	3986.09	4746.96	625.182	700.997	714.545
sp|Q9EP97|SENP3_MOUSE	Senp3	1	373.156	374.719	369.881	290.767	198.163	224.191	519.413	610.311	744.241
sp|Q9EPA7|NMNA1_MOUSE	Nmnat1	3	518.574	481.282	628.098	1127.68	891.486	1188.07	546.33	718.574	752.708
sp|Q9EPU0|RENT1_MOUSE	Upf1	11	1995.1	1925.44	2205.89	1666.47	2122.31	2196.55	2053.26	2074.63	2320.11
sp|Q9EQ61|PESC_MOUSE	Pes1	7	1431.28	1404.85	2111.1	981.19	925.375	979.046	1398.16	1411.28	1787.33
sp|Q9EQK5|MVP_MOUSE	Mvp	2	265.777	232.982	282.478	184.763	190.034	251.842	343.761	422.763	463.295
sp|Q9EQS3|MYCBP_MOUSE	Mycbp	2	357.355	365.228	390.495	419.519	405.711	397.499	168.473	151.154	140.784
sp|Q9ER69|FL2D_MOUSE	Wtap	1	16.8496	17.4716	31.9407	13.6905	11.4033	18.3301	30.8323	34.7492	31.2892
sp|Q9ERA6|TFP11_MOUSE	Tfip11	1	334.432	307.548	390.248	277.344	252.266	322.279	464.518	535.717	626.764
sp|Q9ERK4|XPO2_MOUSE	Cse1l	1	177.552	164.833	221.227	140.071	155.5	152.43	441.774	444.726	560.75
sp|Q9ESV0|DDX24_MOUSE	Ddx24	5	553.463	565.297	989.756	913.528	957.264	845.285	1031.24	1179.5	1640.54
sp|Q9ESX5|DKC1_MOUSE	Dkc1	10	1050.94	1130.19	1475.56	826.168	974.915	924.369	2236.23	2062.07	3081.1
sp|Q9JHJ0|TMOD3_MOUSE	Tmod3	36	15366	13537.9	18890.6	10635.7	9799.84	9637.88	11960.9	10073.7	9378.6
sp|Q9JIF7|COPB_MOUSE	Copb1	1	113.633	107.857	126.537	102.361	97.0196	107.44	187.13	178.697	215.764
sp|Q9JIK5|DDX21_MOUSE	Ddx21	88	23104.5	22841.3	34616.9	31930.5	38989.3	34938.8	26824.2	25306.6	28589
sp|Q9JJ28|FLII_MOUSE	Flii	7	1693.46	1526.79	1737.42	1199.88	1327.68	1305.33	1164.48	1025.14	1012.01
sp|Q9JJ80|RPF2_MOUSE	Rpf2	5	979.673	1059.2	1331.71	1020.86	1213.25	1269.89	1140.44	1060.69	1184.99
sp|Q9JJ89|CCD86_MOUSE	Ccdc86	3	308.822	300.542	430.003	400.696	411.1	431.792	331.91	323.748	378.292
sp|Q9JJF3|NO66_MOUSE	No66	3	428.221	517.511	566.838	579.773	584.783	606.44	757.851	698.983	872.039
sp|Q9JJI8|RL38_MOUSE	Rpl38	17	5167.82	5589.21	6326.8	7943.66	6528.12	7869.07	12017.5	9439.83	10666.2
sp|Q9JJT0|RCL1_MOUSE	Rcl1	1	204.436	202.748	262.152	372.622	412.781	408.577	481.541	428.078	450.798
sp|Q9JKB3|YBOX3_MOUSE	Ybx3	9	1310.11	1451	2205.82	1042.95	1335.07	1063.02	3149.38	2801.4	2789.97
sp|Q9JKB3-2|YBOX3_MOUSE	Ybx3	2	406.557	422.195	699.867	379.982	462.831	328.813	923.839	827.405	712.058
sp|Q9JKX4|AATF_MOUSE	Aatf	1	68.5588	73.3706	110.592	141.424	149.902	172.757	217.793	214.045	267.87
sp|Q9JKY0|RCD1_MOUSE	Rqcd1	2	620.447	676.467	760.319	333.705	362.298	377.345	1560.02	1917.47	1979.46
sp|Q9JMH9|MY18A_MOUSE	Myo18a	2	352.344	306.337	422.026	263.195	297.538	294.244	351.429	341.57	416.732
sp|Q9QXP6|MKRN1_MOUSE	Mkrn1	2	227.664	267.973	359.266	127.562	180.024	164.855	25.6911	24.9455	34.3924
sp|Q9QXX4|CMC2_MOUSE	Slc25a13	6	1324.04	1179.75	1554.47	953.221	1044.06	1097.27	1576.91	1675.02	1897.09
sp|Q9QYC0|ADDA_MOUSE	Add1	1	298.425	280.008	407.478	161.879	203.635	196.014	184.629	179.473	190.811
sp|Q9QYJ0|DNJA2_MOUSE	Dnaja2	2	530.921	506.662	730.902	440.992	438.901	442.5	1061.4	1089.74	1235.1
sp|Q9R1C7|PR40A_MOUSE	Prpf40a	4	728.595	736.929	892.591	641.372	663.863	798.35	915.487	934.392	1347.29
sp|Q9R1P0|PSA4_MOUSE	Psma4	2	541.097	537.02	749.249	404.873	443.511	475.347	537.708	531.938	555.404
sp|Q9R1X4|TIM_MOUSE	Timeless	1	131.032	134.653	171.615	165.878	163.011	192.235	198.058	245.481	309.307
sp|Q9WTI7|MYO1C_MOUSE	Myo1c	11	3072.01	2726.8	3494.13	2021.41	2149.82	2248.19	1185.35	1237.07	1401.36
sp|Q9WTM5|RUVB2_MOUSE	Ruvbl2	12	2135.74	2191.99	3113.16	2003.02	2124.57	2185.46	4657.78	4088.87	4703.1
sp|Q9WTQ8|TIM23_MOUSE	Timm23	2	410.554	406.185	499.983	349.289	382.822	386.276	612.479	723.696	889.407
sp|Q9WTX2|PRKRA_MOUSE	Prkra	1	118.21	131.952	167.261	170.493	123.361	167.74	199	155.55	203.273
sp|Q9WTX5|SKP1_MOUSE	Skp1	1	69.0347	65.4669	83.0667	70.9654	49.9216	60.9105	83.1213	92.6612	97.5727
sp|Q9WUA3|K6PP_MOUSE	Pfkp	2	155.852	157.047	194.604	136.314	141.272	168.588	343.712	357.746	477.458
sp|Q9WVB0|RBPMS_MOUSE	Rbpms	1	57.0524	57.8576	70.4794	54.056	64.0265	66.1652	82.0542	110.497	127.454
sp|Q9WVJ2|PSD13_MOUSE	Psmd13	2	584.454	657.248	403.698	398.283	272.425	330.376	405.284	386.491	449.82
sp|Q9Z1X4|ILF3_MOUSE	Ilf3	4	523.269	514.51	739.708	576.614	628.462	635.932	1014.37	931.404	1156.67
sp|Q9Z204|HNRPC_MOUSE	Hnrnpc	6	1346.72	1379.77	1925.49	1004.03	1172.38	1252.37	1425.83	1475.88	1630.31
sp|Q9Z248|AEBP2_MOUSE	Aebp2	1	119.309	119.875	153.91	193.9	239.161	243.596	159.124	184.534	199.124
sp|Q9Z2B5|E2AK3_MOUSE	Eif2ak3	3	708.245	712.934	925.273	288.455	306.888	346.341	463.897	412.645	480.354
sp|Q9Z2N8|ACL6A_MOUSE	Actl6a	1	77.2761	88.0775	114.724	78.0137	92.622	90.7852	161.263	145.906	161.597
sp|Q9Z2Q2|KNOP1_MOUSE	Knop1	12	1553.26	1573.05	2225.93	2540.87	2568	2582.67	2763.07	2857.13	3418.18
sp|Q9Z2X1|HNRPF_MOUSE	Hnrnpf	11	1877.66	2138.96	2836.06	1418.02	1242.4	1384.54	2100.17	2405.39	3006.88
tr|A2A5R8|A2A5R8_MOUSE	Stau1	13	1447.57	1569.76	2281.88	3103.67	2973.04	3325	3280.27	3768.7	4487.71
tr|A2A799|A2A799_MOUSE	2610305D13Rik	2	551.206	715.078	874.064	500.64	394.962	472.391	509.104	552.638	605.303
tr|A2A7A1|A2A7A1_MOUSE	Zfp534	1	395.038	401.266	475.542	262.148	289.226	349.415	362.226	436.001	577.573
tr|A2A9J5|A2A9J5_MOUSE	Gm13242	2	360.578	475.96	605.83	341.906	282.373	275.044	341.683	347.735	402.431
tr|A2A9R3|A2A9R3_MOUSE	Mageb4	3	272.595	259.579	357.349	435.091	473.626	445.901	658.594	655.83	669.487
tr|A2AJG0|A2AJG0_MOUSE	Rpp38	4	457.886	476.366	623.658	718.924	752.912	773.135	558.47	578.51	674.876
tr|A2AMD0|A2AMD0_MOUSE	Gm12666	1	91.0477	82.6973	100.755	81.9916	94.6049	105.375	504.354	502.372	576.653
tr|A2ARL5|A2ARL5_MOUSE	Gm14419	1	391.927	503.402	624.023	228.912	173.449	201.513	282.631	387.176	383.349
tr|A2AUP1|A2AUP1_MOUSE	Pfkfb3	3	283.222	284.751	392.697	364.491	268.383	311.979	243.782	251.229	333.726
tr|A3KFU8|A3KFU8_MOUSE	Pabpc4	31	12999.5	13003.2	19153.4	7616.73	8103.11	7571.95	2293	2298.39	2626.1
tr|A8DUK4|A8DUK4_MOUSE	Hbbt1	3	1062.6	375.931	708.083	732.9	677.578	817.961	498.988	531.096	666.556
tr|B1AT82|B1AT82_MOUSE	Prpsap1	15	7045.7	7199.82	9903.88	3321.51	3114.68	3417.73	4044.13	3793.44	3637.71
tr|B1AVB1|B1AVB1_MOUSE	Scml2	1	96.4983	119.888	161.414	192.725	167.627	176.66	190.064	201.889	212.323
tr|B8JJZ4|B8JJZ4_MOUSE	Zfp808	2	453.369	574.748	702.897	237.888	157.759	225.376	487.101	563.038	740.949
tr|D3YXS7|D3YXS7_MOUSE	Fam98c	1	36.4811	32.7496	51.6874	52.4062	45.1161	57.1632	192.991	164.714	213.242
tr|D3YYT1|D3YYT1_MOUSE	Glyr1	18	4938.82	4501.25	5899.73	6738.76	6155.88	6018.77	4385.98	4967.77	4983.66
tr|D3Z0K6|D3Z0K6_MOUSE	Rsbn1l	6	783.796	823.804	1222.09	1175.03	1343.29	1357.29	986.277	1004.37	1186.86
tr|D3Z0M9|D3Z0M9_MOUSE	Ddx23	2	262.356	265.952	296.157	216.323	237.805	237.285	495.767	456.327	607.492
tr|E9PVX6|E9PVX6_MOUSE	Mki67	34	3472.86	3543.55	4506.28	7198.86	8097.85	7587.81	3993.48	4372.55	5790.73
tr|E9Q070|E9Q070_MOUSE	Gm8730	30	3060.03	3156.47	3926.64	5248.03	5712.01	5868.73	4931.27	5309.22	5808.56
tr|E9Q286|E9Q286_MOUSE	BC018507	2	626.905	598.921	895.925	312.794	364.551	347.592	379.231	351.514	440.932
tr|E9Q5C9|E9Q5C9_MOUSE	Nolc1	1	119.297	201.404	164.286	142.324	47.4341	137.037	107.037	105.361	113.091
tr|E9Q6E5|E9Q6E5_MOUSE	Srsf11	7	3330.32	3467.41	4679.29	2128.29	2193.49	2449.1	3255.34	3011.39	3359.08
tr|E9Q6W4|E9Q6W4_MOUSE	Zfp296	5	384.535	434.617	769.348	1350.78	1442.76	1392.01	540.018	581.354	639.477
tr|E9Q8D0|E9Q8D0_MOUSE	Dnajc21	4	698.039	740.461	997.873	223.072	215.999	231.694	973.938	815.762	1015.76
tr|E9Q9P2|E9Q9P2_MOUSE	Gm17615	1	97.8642	113.177	187.754	89.7618	153.131	107.438	391.724	250.726	275.264
tr|E9QN31|E9QN31_MOUSE	Nop2	16	2998.79	3302.65	3913.19	4129.87	4200.61	4488.63	3489.88	3334.42	3948.98
tr|E9QNN1|E9QNN1_MOUSE	Dhx9	11	765.09	797.946	905.247	723.538	846.166	883.688	3720.91	3817.94	4042.67
tr|F6RSK3|F6RSK3_MOUSE	Gm17430	1	567.377	565.86	707.764	965.436	1373.27	916.853	834.718	556.439	640.797
tr|F7BJB9|F7BJB9_MOUSE	Morc3	15	3723.99	3906.89	4778.47	3330.9	3548.06	3650.04	3453.09	3265.12	4086.98
tr|F8VPK0|F8VPK0_MOUSE	Ttc37	3	1004.06	949.101	1186.3	455.799	531.53	549.792	689.193	638.129	771.856
tr|H3BJ44|H3BJ44_MOUSE	Apobec3	1	77.8075	87.7017	125.066	59.9184	72.3454	65.4218	198.316	175.52	248.339
tr|J3KMS6|J3KMS6_MOUSE	Gm21818	9	2877.31	2431.91	3242.78	1751.88	1512.67	1639.44	1129.26	1143.56	1116.55
tr|J3QK00|J3QK00_MOUSE	Gm21761	10	4247.05	4351.25	3357.99	2718.45	2037.64	2276.63	1443.49	1544.58	1355.7
tr|O70517|O70517_MOUSE	Gm20767	3	765.705	682.164	879.523	478.597	418.136	526.389	278.829	289.062	289.179
tr|Q3TJW2|Q3TJW2_MOUSE	Fbxo15	1	42.5231	42.9799	47.8925	54.6452	50.1198	46.7428	68.9546	74.1968	60.0419
tr|Q3U2X6|Q3U2X6_MOUSE	Pdcd7	1	62.0236	96.7356	82.005	65.8378	81.3149	85.268	103.536	97.2893	144.267
tr|Q3UJB0|Q3UJB0_MOUSE	Sf3b2	7	1287.34	1437.83	1988.56	1109.01	984.169	1041.02	1717.64	1673.62	1936.66
tr|Q3ULB0|Q3ULB0_MOUSE	Rbm6	1	36.6533	48.4097	59.515	34.5027	19.5848	34.6977	29.3475	28.921	36.2899
tr|Q3UT11|Q3UT11_MOUSE	B020031M17Rik	2	264.169	220.867	297.196	165.075	151.994	180.319	115.032	100.814	110.506
tr|Q3V1Z5|Q3V1Z5_MOUSE	Rps4l	8	1342.68	1272.41	1775.15	2424.39	2754.19	2702.17	2512.5	2483.67	2673.76
tr|Q5XJF6|Q5XJF6_MOUSE	Rpl10a	31	9516.56	9618.32	13256.6	15684.9	16095.1	15131.8	13018	15243.5	16162.4
tr|Q6NZQ2|Q6NZQ2_MOUSE	Ddx31	3	480.513	469.379	496.865	546.942	449.138	606.362	1015.72	1441.67	1833.06
tr|Q6PGF5|Q6PGF5_MOUSE	Bms1	3	280.783	296.581	345.707	479.011	500.523	535.624	513.526	500.549	625.388
tr|Q6ZWZ4|Q6ZWZ4_MOUSE	Rpl36	11	3069.13	3383.65	3387.76	3727.38	4713.62	3926.82	5061.79	4434.76	4700.94
tr|Q6ZWZ6|Q6ZWZ6_MOUSE	Rps12	21	2805.28	2963.94	4334.1	6140.84	7006.57	6509.81	6246.52	6637.71	7693.66
tr|Q80ZM5|Q80ZM5_MOUSE	H1fx	2	266.295	285.534	371.54	431.066	475.697	483.408	634.995	561.075	618.728
tr|Q8BK35|Q8BK35_MOUSE	Gltscr2	9	1728.44	1774.68	2520.93	2374.46	1950.69	2164.52	2588.94	2413.13	2647.6
tr|Q8BPK2|Q8BPK2_MOUSE	Zcchc3	4	623.959	632.686	860.72	587.716	622.086	691.359	842.545	879.002	1008.52
tr|Q8BVY0|Q8BVY0_MOUSE	Rsl1d1	15	3846.38	3769.6	5499.59	5286.1	5469.1	5141.08	8384.36	8682.74	9164.94
tr|Q8K205|Q8K205_MOUSE	Pop1	17	2621.16	2545.67	2601.23	2706.13	2884.58	3044.7	4354.19	4273.54	4829.25
tr|Q8R2U2|Q8R2U2_MOUSE	BC027231	2	232.431	248.241	325.885	457.883	405.537	483.35	340.519	376.591	558.634
tr|Q8R5L1|Q8R5L1_MOUSE	C1qbp	1	146.527	145.691	170.999	112.53	119.591	128.23	290.037	272.959	306.016
tr|Q91V55|Q91V55_MOUSE	Rps5	59	6762.37	7144.29	9731.26	14021.9	18385.3	17148.2	12678.7	15401.9	15906.4
tr|Q99NF7|Q99NF7_MOUSE	Ppm1b	1	286.365	288.319	381.636	217.631	134.289	158.934	227.529	181.35	190.286
tr|Q9CPN9|Q9CPN9_MOUSE	2210010C04Rik	1	172.485	164.121	148.916	186.616	150.955	172.985	144.445	139.544	186.505
tr|Q9CQD0|Q9CQD0_MOUSE	Rpl39l	1	166.459	166.137	204.731	224.76	203.719	261.542	322.185	319.55	355.586
tr|Q9D8U0|Q9D8U0_MOUSE	Ifrd2	8	2393.96	2306.75	3023.58	1036.94	984.66	1085.77	1233.5	1287.89	1407.57
tr|Q9D937|Q9D937_MOUSE	1810009A15Rik	4	978.565	999.27	1329.37	1488.14	1653.8	1655.36	1875.78	1465.28	1477.3
tr|Q9DAE2|Q9DAE2_MOUSE	Rbmxl2	4	804.341	811.14	1159.88	656.179	827.6	841.555	2446.45	2235.83	2623.24
tr|Q9QUK9|Q9QUK9_MOUSE	Try5	2	359.895	344.6	361.155	378.649	351.169	356.324	360.824	350.752	370.928
tr|V9GX35|V9GX35_MOUSE	Gm14214	1	122.443	95.3637	206.603	122.627	79.6668	107.947	109.16	120.407	285.784
