Q9D937	108	123
Q9D937	108	123
Q9D937	35	48
Q9D937	35	48
Q9CPN9	236	247
A2A799	209	221
A2A799	209	221
A2A799	193	208
A2A799	193	208
A2A799	178	186
Q9JKX4	214	231
Q9JKX4	214	231
P55096	182	195
P61222	213	224
P61222	37	46
P61222	149	158
P61222	542	557
P61222	196	210
P61222	532	541
P61222	65	81
P61222	65	81
Q99LE6	310	320
Q99LE6	162	174
Q99LE6	162	174
Q99LE6	130	138
Q99LE6	396	409
Q99LE6	396	409
Q8K370	650	664
Q8K370	944	962
Q8K370	779	787
Q9Z2N8	63	76
Q9QYC0	480	497
Q9Z248	156	196
Q9Z248	476	487
E9Q616	2606	2623
Q8BK64	225	246
Q3TY86	288	302
Q9DBR0	336	351
Q9DBR0	336	351
Q9DBR0	163	180
Q9DBR0	463	471
Q9DBR0	426	437
Q9DBR0	426	437
P07724	439	452
P07724	384	409
P05064	29	42
P05064	112	134
P05064	244	258
P05063	174	201
Q9D8C3	406	429
P31154	280	291
Q99NH0	149	161
Q99NH0	1261	1270
Q99NH0	1451	1463
Q99NH0	743	771
Q99NH0	1176	1196
Q99NH0	200	217
Q505D1	585	593
Q505D1	6	25
Q505D1	1009	1019
Q505D1	936	948
H3BJ44	10	22
Q99J72	19	27
Q99J72	41	50
Q99J72	287	296
Q99J72	384	390
Q99J72	146	163
Q99J72	146	162
Q99J72	146	162
Q99J72	193	219
Q99J72	146	162
Q99J72	146	162
Q5XJY5	29	38
Q3UL36	123	130
Q3UL36	169	176
E9Q7E2	603	623
P16460	356	363
P16460	128	140
Q8BIR2	578	599
Q925I1	430	438
Q925I1	306	326
Q6PIC6	620	637
Q6PIC6	350	367
O55143	335	352
O55143	335	352
O55143	142	164
O55143	144	164
Q03265	428	434
Q03265	74	83
Q03265	195	204
Q03265	150	161
Q03265	219	230
P56480	407	422
P56480	265	279
P56480	202	212
P56480	202	212
P56480	311	324
P56480	125	143
P56383	72	78
P56383	72	78
Q8BVE3	8	22
Q8BVE3	8	22
Q8BVE3	397	419
P28658	90	103
P28658	123	133
P28658	28	34
P28658	11	27
P28658	11	27
P28658	11	27
P28658	11	27
P28658	244	253
Q7TQH0	154	163
Q7TQH0	139	148
Q7TQH0-2	419	441
Q3UT11	132	154
Q3UT11	155	164
Q91YE5	513	535
Q91YE5	546	553
Q91YE5	515	535
Q91YE5	1576	1585
Q91YE5	1639	1652
Q91YE5	1670	1685
Q91YE5	1878	1885
Q91YE5	565	577
Q91YE5	608	617
Q91YE5	1603	1626
Q91YE5	618	636
Q91YE5	618	636
Q91YE5	618	636
E9Q286	584	598
E9Q286	1170	1181
E9Q286	1025	1037
E9Q286	398	405
E9Q286	415	437
F6RAK6	91	97
F6RAK6	60	73
F6RAK6	60	73
Q8R2U2	422	430
Q6PGF5	862	878
Q6PGF5	25	38
Q6PGF5	955	969
Q6PGF5	1012	1023
Q6PGF5	740	758
Q6PGF5	76	92
Q3UQU0	541	558
Q9DCA5	9	17
Q9DCA5	38	53
Q9DCA5	10	17
Q9DCA5	115	121
Q9DCA5	62	68
Q9DCA5	98	110
Q9DCA5	100	110
Q9DCA5	100	110
Q9DCA5	100	110
Q9DCA5	98	110
Q9DCA5	141	153
Q9DCA5	141	153
Q9DCA5	100	110
Q9DCA5	236	242
Q9DCA5	198	214
Q9DCA5	198	214
Q9DCA5	198	214
Q9DCA5	296	326
Q9DCA5	296	326
Q9DCA5	161	182
Q9DCA5	161	182
Q9DCA5	161	182
Q9DCA5	183	193
Q9DCA5	183	193
Q9DCA5	219	235
Q9DCA5	219	235
Q9DCA5	219	235
Q64152	176	204
O54825	39	52
O54825	406	417
O54825	145	153
Q8R5L1	153	172
Q8R5L1	153	172
B2RQC6	1034	1048
B2RQC6	522	547
B2RQC6	697	708
B2RQC6	1557	1567
B2RQC6	1723	1731
B2RQC6	1987	2003
B2RQC6	1054	1066
B2RQC6	1229	1240
B2RQC6	2215	2224
B2RQC6	709	719
B2RQC6	1435	1450
P14211	99	111
Q80VC9	192	209
Q80VC9	1174	1187
Q80VC9	1195	1206
Q80VC9	936	964
Q80VC9	936	964
Q80VC9	725	751
Q60865	97	108
Q05A80	857	872
Q05A80	298	312
Q05A80	444	464
Q05A80	102	112
P23198	172	183
P23198	21	34
P23198	142	154
Q9D8X2	131	140
Q9D8X2	210	217
Q9D8X2	117	129
Q8R0K4	57	66
Q9JJ89	409	416
Q9JJ89	257	277
Q9JJ89	11	29
Q5SNZ0	1089	1106
Q6VGS5	1444	1462
Q6VGS5	1444	1462
Q6VGS5	785	793
Q6VGS5	1275	1286
Q6VGS5	484	495
Q6VGS5	819	829
Q6VGS5	1419	1443
Q6VGS5	520	536
Q6VGS5	520	536
Q6VGS5	678	694
O88874	360	376
O88874	360	376
O88874	56	63
O88874	377	400
O88874	377	400
O88874	93	105
O88874	93	105
O88874	122	145
P80314	377	388
P80314	90	111
P80315	60	79
P80315	420	435
P80316	155	170
P80317	130	138
P80317	296	307
P80317	296	307
P42932	156	165
P42932	491	504
Q6A068	207	218
Q6A068	478	487
Q6A068	295	312
P11440	37	50
P11440	35	50
P11440	35	50
P11440	152	158
P11440	10	20
P11440	255	266
P24788	423	432
P24788	433	443
P24788	650	661
P24788	530	540
P24788	677	691
Q14AX6	1216	1238
Q14AX6	1333	1352
Q14AX6	1333	1352
Q14AX6	1065	1089
Q14AX6	838	848
Q14AX6	453	470
Q14AX6	421	428
Q14AX6	1353	1368
Q14AX6	1404	1418
Q14AX6	947	961
Q14AX6	620	642
Q69ZA1	380	394
Q69ZA1	987	999
Q69ZA1	1336	1365
Q69ZA1	1336	1365
Q69ZA1	1129	1141
Q69ZA1	911	928
O35495	272	279
Q99LM2	167	176
Q99LM2	455	468
Q99LM2	455	468
Q99LM2	455	468
Q99LM2	455	468
Q99LM2	178	184
Q99LM2	469	475
Q9CZ92	253	262
Q9CZ92	223	234
Q9CPQ5	185	200
Q8C4M7	157	176
Q8C4M7	374	385
P18760	23	30
Q9CY57	55	70
A2AGT5	457	468
A2AGT5	1510	1523
Q6ZQ08	1912	1928
Q6ZQ08	373	383
Q6ZQ08	1814	1822
Q6ZQ08	883	892
Q6ZQ08	842	853
Q6ZQ08	1857	1869
Q6ZQ08	1050	1062
Q6ZQ08	1567	1576
Q6ZQ08	2151	2162
Q6ZQ08	2129	2137
Q6ZQ08	560	568
Q6ZQ08	2141	2150
Q6ZQ08	1653	1663
Q6ZQ08	1098	1113
Q6ZQ08	1288	1303
Q6ZQ08	1288	1303
Q6ZQ08	1577	1599
Q6ZQ08	1098	1113
Q6ZQ08	1227	1240
Q6ZQ08	1664	1682
Q6ZQ08	1664	1682
Q6ZQ08	2163	2176
Q6ZQ08	450	459
Q8BH15	467	480
Q8C5L3	138	154
Q8C5L3	240	255
Q8K0V4	515	533
Q8K0V4	515	533
Q8K0V4	189	201
Q8K0V4	18	31
Q8CIE6	563	572
Q8CIE6	1107	1114
Q9JIF7	328	337
Q9JIF7	662	679
O55029	52	61
O55029	784	802
P24622	127	135
P24622	169	180
P24622	112	122
Q91W50	287	295
Q9ERK4	332	346
Q9ERK4	715	736
Q61164	437	448
Q61164	471	479
Q61164	372	389
Q61164	265	277
Q61164	545	559
Q61164	145	168
Q61164	145	168
Q61164	699	736
P30999	409	421
P16381	491	502
P16381	351	361
P16381	335	341
P16381	351	361
P16381	534	547
P16381	145	161
P16381	554	563
P16381	554	563
P16381	428	439
Q64368	268	278
Q64368	37	50
Q64368	251	265
Q3U1J4	135	141
Q3U1J4	571	579
Q3U1J4	666	674
Q3U1J4	61	70
Q3U1J4	245	254
Q80WW9	250	266
Q80WW9	250	266
Q80WW9	250	266
Q80WW9	250	266
Q91VR5	91	98
Q91VR5	91	98
Q91VR5	506	514
Q91VR5	473	490
Q91VR5	99	114
Q91VR5	297	307
Q91VR5	473	490
Q91VR5	473	490
Q91VR5	506	514
Q91VR5	568	577
Q91VR5	163	172
Q91VR5	320	330
Q91VR5	703	720
Q91VR5	703	720
Q91VR5	211	223
Q91VR5	703	720
Q91VR5	211	223
Q91VR5	331	349
Q91VR5	578	596
Q80Y44	538	556
Q80Y44	188	200
Q80Y44	282	300
Q501J6	490	507
Q501J6	490	508
Q501J6	215	225
Q501J6	286	293
Q501J6	286	293
Q501J6	390	401
Q501J6	163	175
Q501J6	272	282
Q501J6	272	282
Q501J6	437	449
Q501J6	272	282
Q501J6	272	282
Q501J6	272	282
Q501J6	226	234
Q501J6	226	234
Q8K363	263	281
Q8K363	129	146
Q8K363	131	146
Q8K363	349	359
Q8K363	349	359
Q8K363	60	82
Q8K363	302	315
Q8K363	302	315
Q8K363	548	557
Q8K363	240	251
Q8K363	60	82
Q8K363	60	82
Q8K363	60	82
Q8K363	302	315
Q8K363	90	109
Q8K363	90	109
Q8K363	316	327
Q8K363	302	315
Q8K363	302	315
Q8K363	607	621
Q8K363	252	262
Q8K363	302	315
Q8K363	252	262
Q8K363	252	262
Q8K363	372	401
Q8K363	328	338
Q8K363	288	301
Q8K363	288	301
Q8K363	536	547
Q8K363	536	547
Q8K363	478	502
Q8K363	587	606
Q8K363	328	342
Q9JIK5	78	92
Q9JIK5	40	54
Q9JIK5	40	54
Q9JIK5	38	54
Q9JIK5	343	350
Q9JIK5	521	533
Q9JIK5	522	533
Q9JIK5	759	768
Q9JIK5	233	256
Q9JIK5	233	256
Q9JIK5	330	342
Q9JIK5	111	128
Q9JIK5	149	165
Q9JIK5	149	165
Q9JIK5	351	357
Q9JIK5	617	627
Q9JIK5	617	627
Q9JIK5	617	627
Q9JIK5	11	29
Q9JIK5	11	29
Q9JIK5	391	404
Q9JIK5	513	521
Q9JIK5	38	54
Q9JIK5	38	54
Q9JIK5	40	54
Q9JIK5	496	504
Q9JIK5	147	165
Q9JIK5	147	165
Q9JIK5	147	165
Q9JIK5	147	165
Q9JIK5	464	475
Q9JIK5	186	202
Q9JIK5	479	489
Q9JIK5	728	740
Q9JIK5	634	645
Q9JIK5	513	520
Q9JIK5	111	128
Q9JIK5	111	128
Q9JIK5	111	128
Q9JIK5	11	29
Q9JIK5	11	29
Q9JIK5	184	202
Q9JIK5	751	758
Q9JIK5	184	202
Q9JIK5	184	202
Q9JIK5	751	758
Q9JIK5	332	342
Q9JIK5	606	616
Q9JIK5	184	202
Q9JIK5	606	616
Q9JIK5	606	616
Q9JIK5	379	390
Q9JIK5	557	571
Q9JIK5	557	571
Q9JIK5	557	571
Q9JIK5	557	571
Q9JIK5	358	376
Q9JIK5	358	376
Q9JIK5	774	794
Q9JIK5	715	727
Q9JIK5	715	727
Q9JIK5	343	357
Q9JIK5	635	645
Q9JIK5	257	271
Q9JIK5	654	667
Q9JIK5	359	376
Q9JIK5	359	376
Q9JIK5	606	627
Q9JIK5	606	627
Q9JIK5	606	627
Q9JIK5	654	667
Q9JIK5	654	667
Q9JIK5	775	794
Q9JIK5	775	794
Q9JIK5	715	727
Q9JIK5	700	714
Q9JIK5	700	714
Q9JIK5	700	714
Q9JIK5	572	596
Q9JIK5	277	287
Q9JIK5	572	596
Q9JIK5	277	287
Q9JIK5	572	588
Q9JIK5	572	588
Q9JIK5	435	459
Q9JIK5	700	714
Q9JIK5	700	714
Q9JIK5	700	714
Q9JIK5	700	714
Q9JIK5	700	714
Q9JIK5	700	714
Q9JIK5	700	714
Q9JIK5	436	459
Q9JIK5	700	714
Q9JIK5	436	459
Q9JIK5	436	459
Q9JIK5	700	714
Q9JIK5	436	459
Q9JIK5	309	319
Q9JIK5	309	319
Q9JIK5	700	714
Q9JIK5	309	319
Q9JIK5	700	714
Q9JIK5	309	319
Q9JIK5	678	699
Q9JIK5	678	699
Q9JIK5	678	699
Q9JIK5	678	699
D3Z0M9	528	535
D3Z0M9	301	309
D3Z0M9	138	149
Q9ESV0	807	824
Q9ESV0	122	138
Q9ESV0	122	138
Q9ESV0	437	447
Q9ESV0	413	429
Q921N6	666	672
Q921N6	666	672
Q921N6	711	722
Q921N6	711	722
Q921N6	304	315
Q921N6	500	511
Q921N6	258	265
Q921N6	213	222
Q921N6	633	642
Q921N6	500	511
Q921N6	235	245
Q921N6	556	564
Q921N6	48	60
Q921N6	389	402
Q921N6	389	402
Q921N6	417	426
Q6NZQ2	189	200
Q6NZQ2	176	188
Q6NZQ2	274	288
Q6NZQ2	519	528
Q6NZQ2	155	172
Q62167	295	311
Q91VN6	388	400
Q569Z5	495	505
Q569Z5	345	354
Q569Z5	777	791
Q569Z5	411	417
Q569Z5	523	533
Q569Z5	555	565
Q569Z5	355	363
Q569Z5	439	455
Q569Z5	334	344
Q569Z5	864	883
Q569Z5	423	432
Q61656	344	351
Q61656	288	295
Q61656	412	428
Q61656	471	478
Q61656	332	343
Q61656	332	343
Q61656	46	53
Q61656	438	451
Q61656	438	451
Q61656	452	461
Q61656	381	388
Q61656	228	236
Q61656	112	144
Q61656	112	144
Q99MJ9	340	350
Q99MJ9	94	106
Q99MJ9	438	447
Q99MJ9	625	640
Q99MJ9	398	409
Q99MJ9	164	172
Q99MJ9	625	640
Q99MJ9	511	521
Q99MJ9	482	492
Q99MJ9	658	674
Q99MJ9	658	674
Q99MJ9	658	674
Q99MJ9	133	147
Q99MJ9	133	147
Q99MJ9	530	548
Q99MJ9	153	163
Q99MJ9	583	603
Q99MJ9	583	603
Q99MJ9	185	195
Q99MJ9	311	332
Q99MJ9	311	332
Q99MJ9	311	332
Q6P9R1	9	27
Q6P9R1	46	65
Q6P9R1	272	283
Q8K4L0	667	679
Q8K4L0	459	477
Q8K4L0	669	679
Q8K4L0	290	299
Q8K4L0	312	318
Q8K4L0	388	399
Q8K4L0	388	399
Q8K4L0	283	289
Q8K4L0	63	81
Q8K4L0	63	81
Q8K4L0	94	108
Q8K4L0	205	225
Q8K4L0	205	225
Q8K4L0	125	140
Q8K4L0	125	140
Q8K4L0	146	156
Q8K4L0	196	225
Q6ZPL9	255	263
P54823	6	22
P54823	448	466
P54823	147	157
P54823	272	286
Q9EQM6	571	582
O35286	684	690
O35286	254	265
O35286	146	152
O35286	146	152
O35286	372	384
O35286	385	399
O35286	505	515
O35286	505	515
O35286	63	78
O35286	266	277
Q99PU8	247	260
Q99PU8	507	515
Q99PU8	932	941
Q99PU8	888	896
Q99PU8	247	260
Q99PU8	190	206
Q99PU8	367	379
Q99PU8	135	145
Q99PU8	146	153
Q99PU8	625	633
Q99PU8	854	861
Q99PU8	78	86
Q99PU8	738	748
Q99PU8	49	64
Q99PU8	965	974
Q99PU8	643	652
Q99PU8	344	359
Q99PU8	344	359
Q99PU8	1139	1150
Q99PU8	786	796
Q99PU8	412	435
Q99PU8	412	435
Q99PU8	261	269
Q99PU8	490	497
Q99PU8	401	411
Q99PU8	412	435
Q99PU8	837	847
Q99PU8	837	847
Q99PU8	982	996
Q99PU8	722	737
Q99PU8	826	836
Q99PU8	464	486
Q99PU8	634	652
Q99PU8	909	917
Q99PU8	436	445
Q99PU8	1040	1054
Q99PU8	826	836
Q99PU8	689	705
Q99PU8	689	705
Q6P5D3	604	613
Q6P5D3	1363	1373
Q6P5D3	192	204
Q6P5D3	769	779
Q6P5D3	220	229
Q6P5D3	220	229
Q6P5D3	742	752
Q6P5D3	561	574
Q6P5D3	561	574
Q6P5D3	1191	1213
Q6P5D3	1191	1213
Q6P5D3	1191	1213
Q6P5D3	594	603
Q6P5D3	1042	1053
Q6P5D3	455	473
Q6P5D3	455	473
Q6P5D3	455	473
Q6P5D3	999	1007
Q6P5D3	455	473
Q6P5D3	1351	1360
Q6P5D3	642	652
Q6P5D3	712	724
Q6P5D3	946	963
Q6P5D3	946	963
Q6P5D3	575	593
Q6P5D3	58	72
Q6P5D3	205	219
Q6P5D3	845	863
Q6P5D3	1167	1179
Q6P5D3	1167	1179
Q6P5D3	1167	1179
A2A4P0	947	957
O70133	437	448
O70133	506	518
O70133	506	518
O70133	683	694
O70133	531	540
O70133	239	250
O70133	64	71
O70133	840	855
O70133	812	821
O70133	1040	1050
O70133	154	184
E9QNN1	823	840
Q9D0D4	244	253
Q9D0D4	41	51
Q9D0D4	276	288
Q9D0D4	213	228
Q9D0D4	107	116
Q9ESX5	159	171
Q9ESX5	152	158
Q9ESX5	414	424
Q9ESX5	303	314
Q9ESX5	44	57
Q9ESX5	425	446
Q9ESX5	425	446
Q9ESX5	425	446
Q9ESX5	172	191
Q9ESX5	172	191
Q8BMF4	486	499
P63037	375	389
P63037	302	312
P63037	284	296
P63037	302	312
P63037	302	312
P63037	302	312
P63037	47	59
P63037	326	344
Q9QYJ0	122	131
Q9QYJ0	122	131
Q9QYJ0	333	347
O54946	48	60
Q9DC23	662	683
E9Q8D0	510	522
E9Q8D0	393	411
E9Q8D0	393	411
E9Q8D0	205	211
E9Q8D0	35	47
P59764	815	827
P59764	1729	1745
P59764	1769	1783
P59764	1321	1327
P59764	1450	1463
P59764	1188	1199
P59764	150	164
Q9CQS7	17	35
Q9CQS7	17	35
Q9D0T2	153	162
P63168	10	31
Q9D903	94	104
Q9D903	95	104
Q9D903	263	272
Q9D903	263	272
Q9D903	132	142
Q9D903	63	69
Q9D903	210	222
Q9D903	111	122
Q9D903	111	122
Q9D903	205	222
Q9D903	205	222
Q9D903	30	44
Q9D903	30	44
Q9D903	70	93
Q9D903	70	93
Q9D903	70	93
Q9D903	70	93
Q9D903	70	93
Q9D903	70	93
Q921E6	121	133
Q921E6	343	355
Q921E6	294	302
Q921E6	376	385
Q921E6	107	120
Q921E6	107	120
Q921E6	202	211
Q921E6	174	184
Q921E6	174	184
Q921E6	174	184
Q921E6	386	398
Q921E6	368	375
Q921E6	314	322
P10126	45	51
P10126	45	51
P10126	256	266
P10126	147	154
P10126	85	96
P10126	135	146
P10126	135	146
P10126	248	255
P10126	396	423
P10126	396	423
P10126	396	423
P10126	396	423
P10126	396	423
P10126	267	290
P10126	267	290
P10126	396	423
P10126	267	290
P10126	220	247
P10126	181	212
O70251	8	22
Q9D8N0	401	414
Q9D8N0	18	30
Q9D8N0	286	295
Q9D8N0	286	295
Q9D8N0	138	147
P58252	689	698
P58252	21	32
P58252	21	32
P58252	482	495
P58252	482	495
P58252	689	698
P58252	573	580
P58252	689	698
P58252	43	50
P58252	265	272
P58252	727	739
P58252	439	449
P58252	560	572
P58252	227	235
P58252	639	647
P58252	227	235
P58252	450	456
P58252	440	449
P58252	560	571
P58252	560	571
P58252	33	42
P58252	668	676
P58252	227	235
P58252	606	625
P58252	606	625
P58252	606	625
P58252	728	739
P58252	606	625
P58252	606	625
P58252	151	159
P58252	581	594
P58252	581	594
P58252	367	386
P58252	768	785
P58252	768	785
P58252	1	10
P58252	634	647
P58252	416	426
P58252	369	386
P58252	369	386
P58252	392	400
P58252	369	386
P58252	367	386
P58252	768	785
P58252	768	785
P58252	768	785
P58252	768	785
P58252	300	308
P58252	677	688
P58252	392	400
P58252	369	386
P58252	369	386
P58252	300	309
P58252	300	308
P58252	300	308
P58252	786	801
P58252	786	801
P58252	786	801
P58252	786	801
P58252	786	801
P58252	786	801
P58252	786	801
P58252	846	857
P58252	786	801
P58252	786	801
P58252	786	801
P58252	786	801
P58252	786	801
P58252	802	839
P58252	648	667
P58252	802	839
P58252	786	801
P58252	648	667
P58252	802	839
P58252	802	839
P58252	648	667
P58252	802	839
P58252	802	839
P58252	802	839
P58252	802	839
P58252	802	839
P58252	802	839
P58252	648	667
P58252	288	299
P58252	288	299
P58252	288	299
P58252	288	299
P58252	288	299
P58252	649	667
P58252	288	299
P58252	288	299
P58252	649	667
P58252	288	299
P58252	649	667
P58252	649	667
P58252	288	299
P58252	288	299
P58252	649	667
P58252	288	299
P58252	163	180
P58252	163	180
P58252	288	299
P58252	163	180
P58252	163	180
P58252	163	180
P58252	163	180
P58252	121	144
P58252	457	481
P58252	72	90
P58252	72	90
P58252	121	144
O08810	803	812
O08810	569	580
O08810	589	601
O08810	684	693
O08810	543	560
O08810	64	97
O08810	951	962
O08810	730	755
Q9Z2B5	85	97
Q9Z2B5	58	84
Q9Z2B5	34	57
Q9Z2B5	409	426
Q9Z2B5	935	950
Q9Z2B5	935	950
P23116	368	376
P23116	322	335
P23116	377	388
Q8JZQ9	62	87
Q8JZQ9	164	188
Q8R1B4	530	548
Q8R1B4	286	301
O70194	311	329
O70194	113	124
O70194	184	204
O70194	4	26
O70194	241	260
O70194	241	260
O70194	241	260
Q9Z1D1	252	267
Q8QZY1	446	461
Q8QZY1	488	494
Q8QZY1	475	487
P60843	203	225
P10630	326	335
Q91VC3	152	166
Q91VC3	243	252
Q91VC3	374	382
Q91VC3	330	339
Q91VC3	183	195
Q8BGD9	340	356
Q8BGD9	215	225
Q8BGD9	280	286
Q8BGD9	578	586
Q8BGD9	201	215
Q8BGD9	201	215
Q8BGD9	526	545
Q8BGD9	530	545
Q8BGD9	512	524
Q8BGD9	526	545
Q8BGD9	201	214
Q8BGD9	201	214
Q8BGD9	118	125
Q8BGD9	71	78
Q8BGD9	445	472
Q8BGD9	357	372
Q8BGD9	473	486
Q8BGD9	473	486
Q8BGD9	473	486
Q8BGD9	593	611
Q8BGD9	93	113
Q8BGD9	93	113
Q8BGD9	93	113
P63242	56	67
O55135	86	95
O55135	68	85
O55135	224	237
O55135	5	18
O55135	238	245
O55135	101	123
O55135	101	123
O55135	124	134
O55135	124	134
O55135	140	164
O55135	165	188
O55135	165	188
O55135	165	188
O55135	165	188
O55135	165	188
O55135	165	188
O08856	191	205
O08856	179	189
O08856	315	326
O08856	315	326
Q8BHL5	277	285
Q8BHL5	513	521
Q8BHL5	496	508
Q8BHL5	10	27
Q8BHL5	545	554
Q8BHL5	703	720
O35130	188	207
O35130	188	207
Q08509	404	415
Q08509	404	415
Q08509	404	415
Q8BWY3	301	310
Q8BWY3	172	178
Q8BWY3	69	81
Q8BWY3	69	81
Q8BWY3	385	395
Q8BWY3	385	404
Q7TQK4	23	54
P70351	636	655
P70351	636	655
Q61188	310	332
Q61188	333	342
Q61188	528	545
Q61188	528	545
Q61188	358	376
Q61188	244	270
Q61188	244	270
Q61188	82	99
Q61188	82	99
Q9D2L9	258	267
Q80XP8	16	29
Q3TJZ6	134	147
Q3TJZ6	204	218
Q3TJZ6	204	218
Q3TJZ6	21	44
Q80VD1	27	37
Q80VD1	264	275
Q80VD1	162	177
D3YXS7	109	118
Q922J9	196	208
P62862	42	52
P62862	42	51
P62862	42	51
P35550	311	324
P35550	116	128
P35550	129	141
P35550	262	271
P35550	116	127
P35550	116	127
P35550	205	211
P35550	251	261
P35550	214	224
P35550	272	291
P35550	150	168
P35550	150	168
Q3TJW2	34	45
Q9CTH6	138	148
Q9D824	563	581
Q9JJ28	822	832
Q9JJ28	279	290
Q9JJ28	1049	1062
Q9JJ28	402	426
Q9JJ28	238	249
Q9JJ28	297	315
Q9JJ28	875	884
Q9JJ28	875	884
Q9JJ28	43	57
Q8BTM8	725	738
Q8BTM8	1453	1464
Q8BTM8	1273	1283
Q8BTM8	1072	1087
Q8BTM8	1020	1032
Q8BTM8	1815	1831
Q8BTM8	468	484
Q8BTM8	709	724
Q8BTM8	1235	1246
Q8BTM8	685	700
Q8BTM8	1465	1477
Q8BTM8	1297	1318
Q8BTM8	2265	2280
Q8BTM8	356	367
Q8BTM8	1622	1633
Q8BTM8	64	76
Q8BTM8	2290	2310
Q8BTM8	2396	2405
Q8BTM8	1492	1515
Q8BTM8	2311	2333
Q8BTM8	2311	2333
Q8BTM8	341	355
Q8BTM8	180	190
Q8BTM8	959	973
Q8BTM8	959	973
Q8BTM8	1247	1272
Q8BTM8	1247	1272
Q8BTM8	2613	2621
Q8BTM8	2485	2500
Q80X90	145	152
Q9DBE9	353	368
Q9DBE9	555	571
Q9DBE9	753	767
Q9DBE9	238	251
Q9DBE9	754	767
Q9DBE9	674	682
Q9DBE9	755	767
Q9DBE9	270	291
Q9DBE9	252	259
Q9DBE9	143	150
Q9DBE9	586	604
Q9DBE9	586	604
Q9DBE9	260	269
Q9DBE9	632	650
Q9DBE9	635	650
Q9DBE9	635	650
Q9DBE9	492	514
Q9DBE9	403	422
Q9DBE9	683	701
Q9DBE9	403	422
Q9DBE9	47	64
Q9DBE9	47	64
Q9DBE9	47	64
Q9DBE9	47	64
Q9DBE9	47	64
Q9DBE9	653	669
Q9DBE9	653	669
Q9DBE9	653	669
Q9DBE9	426	450
Q9DBE9	529	552
Q9DBE9	529	552
Q9DBE9	529	552
Q9DBE9	426	450
Q9DBE9	529	552
Q9DBE9	426	450
Q9DBE9	529	552
Q9DBE9	426	450
P56959	442	465
P56959	326	341
P56959	342	358
Q61584	246	263
P97855	124	132
P97855	108	123
P97855	375	391
P97855	375	391
P97379	124	132
P97379	18	25
P97379	108	123
P97379	371	387
P97379	371	387
P16858	185	192
P16858	144	160
P16858	233	246
P16858	322	332
P16858	322	332
Q9CY66	133	139
Q9CY66	124	132
Q9CY66	81	98
Q9CY66	81	98
Q9CY66	81	98
Q9CZD3	593	605
Q9CZD3	593	605
Q64737	293	306
E9PVA8	241	251
E9PVA8	2151	2161
E9PVA8	617	635
Q8BK35	260	268
Q8BK35	296	315
Q8BK35	316	338
Q8BK35	316	338
Q8BK35	73	85
Q8BK35	73	85
Q8BK35	278	295
Q8BK35	278	295
Q8BK35	86	94
Q8BK35	51	68
D3YYT1	298	311
D3YYT1	302	311
Q922P9	529	542
Q922P9	529	542
Q922P9	57	72
Q922P9	171	189
Q922P9	171	189
Q922P9	529	542
Q922P9	401	415
Q922P9	179	189
Q922P9	190	200
Q922P9	240	268
Q922P9	401	415
Q922P9	401	415
Q922P9	46	56
Q922P9	416	428
Q922P9	332	348
Q922P9	8	15
Q922P9	309	328
Q922P9	479	494
Q922P9	375	400
Q922P9	375	400
Q922P9	349	371
Q922P9	349	371
Q922P9	349	371
Q922P9	375	400
Q922P9	375	400
A2AMD0	206	221
A2A9J5	81	97
A2A9J5	259	267
V9GX35	38	54
A2ARL5	114	122
F6RSK3	24	35
E9Q9P2	121	135
O70517	17	38
O70517	17	38
O70517	7	16
J3QK00	101	113
J3QK00	130	154
J3QK00	130	154
J3QK00	130	154
J3QK00	132	154
J3QK00	114	129
J3QK00	114	129
J3QK00	101	129
J3QK00	101	129
J3QK00	101	129
J3KMS6	90	100
J3KMS6	114	129
J3KMS6	111	129
J3KMS6	17	38
J3KMS6	17	38
J3KMS6	7	16
J3KMS6	132	154
J3KMS6	132	154
J3KMS6	7	16
B2RSH2	36	46
P68040	119	125
P68040	48	57
P68040	272	280
P68040	48	57
P68040	48	57
P68040	45	57
P68040	186	212
P68040	186	212
P68040	140	155
P68040	140	155
P68040	140	155
P68040	140	155
P68040	140	155
P68040	186	212
P68040	140	155
P68040	140	155
P68040	37	44
P68040	37	44
P68040	176	183
P68040	309	317
P68040	309	317
P68040	309	317
P68040	37	44
P68040	213	225
P68040	213	225
P68040	213	225
P68040	213	225
P68040	107	118
P68040	213	225
P68040	213	225
P68040	89	99
P68040	107	118
P68040	107	118
P68040	89	99
P68040	107	118
P68040	213	225
P68040	213	225
P68040	89	99
P68040	265	271
P68040	107	118
P68040	107	118
P68040	89	99
P68040	258	264
P68040	89	99
P68040	107	118
P68040	258	264
P68040	258	264
P68040	213	225
P68040	107	118
P68040	107	118
P68040	213	225
P68040	213	225
P68040	258	264
P68040	213	225
P68040	131	139
P68040	131	139
P68040	246	257
P68040	213	225
P68040	131	139
P68040	246	257
P68040	246	257
P68040	131	139
P68040	246	257
P68040	131	139
P68040	246	257
P68040	246	257
P68040	246	257
P68040	131	139
P68040	213	225
P68040	156	172
P68040	156	172
P68040	156	172
P68040	156	172
P68040	156	172
P68040	156	172
P68040	156	172
P68040	13	36
P68040	13	36
P68040	13	36
P68040	13	36
P68040	13	36
P68040	13	36
P68040	13	36
P68040	156	175
P68040	156	175
P68040	156	175
P68040	226	245
P68040	226	245
P68040	13	36
P68040	226	245
P68040	226	245
P68040	13	36
P68040	226	245
P68040	226	245
P68040	13	36
P68040	226	245
P68040	226	245
P68040	226	245
P68040	265	280
P68040	265	280
P68040	265	280
P68040	226	245
P68040	265	280
P68040	265	280
P68040	265	280
P68040	265	280
P68040	265	280
P68040	265	280
P68040	265	280
P68040	265	280
P68040	265	280
P68040	265	280
P68040	265	280
P68040	265	280
P68040	281	308
P68040	281	308
P68040	281	308
P68040	281	308
P68040	281	308
P68040	281	308
P68040	281	308
P68040	281	308
P68040	281	308
P68040	281	308
P68040	281	308
P68040	281	308
P68040	281	308
P68040	281	308
P68040	281	308
P68040	281	308
P68040	281	308
P68040	281	308
P68040	281	308
P68040	281	308
P68040	281	308
P68040	281	308
P68040	281	308
P68040	281	308
P68040	281	308
P68040	281	308
P68040	281	308
P68040	281	308
P68040	281	308
P68040	281	308
P68040	281	308
P68040	281	308
P68040	281	308
P68040	281	308
P68040	281	308
P68040	281	308
P68040	281	308
P68040	281	308
P68040	281	308
P68040	281	308
P68040	281	308
P68040	281	308
P68040	281	308
P68040	281	308
P68040	281	308
P68040	281	308
P68040	281	308
P68040	281	308
P68040	281	308
P68040	281	308
P68040	281	308
P68040	281	308
P68040	281	308
P68040	281	308
P68040	281	308
P68040	281	308
P68040	281	308
P68040	281	308
P68040	281	308
P68040	281	308
P68040	281	308
P68040	281	308
Q99LH1	179	190
Q99LH1	502	518
Q99LH1	181	190
Q99LH1	179	190
Q99LH1	324	331
Q99LH1	389	400
Q99LH1	387	400
Q99LH1	181	190
Q99LH1	519	528
Q99LH1	435	445
Q99LH1	446	453
Q99LH1	205	212
Q99LH1	56	73
Q99LH1	56	73
Q99LH1	181	199
Q99LH1	249	256
Q99LH1	257	266
Q99LH1	292	299
Q99LH1	206	212
Q99LH1	132	147
Q99LH1	347	355
Q99LH1	310	323
Q99LH1	310	323
Q99LH1	213	227
Q99LH1	213	227
Q99LH1	213	227
Q99LH1	213	227
Q99LH1	412	424
Q99LH1	356	379
Q99LH1	356	379
Q99LH1	456	501
Q99LH1	456	501
Q99LH1	357	379
Q99LH1	357	379
Q99LH1	357	379
Q8CI11	90	106
Q8CI11	430	439
Q8CI11	92	114
Q8CI11	92	114
Q8CI11	503	523
Q8CI11	503	523
Q8CI11	92	106
Q8CI11	92	106
Q8CI11	91	113
Q8CI11	91	113
Q8CI11	489	502
Q8CI11	92	113
Q8CI11	348	354
Q8CI11	46	57
Q8CI11	156	169
Q8CI11	238	248
Q8CI11	238	248
Q8CI11	238	248
Q8CI11	420	429
Q8CI11	286	294
Q8CI11	170	177
Q8CI11	451	470
Q8CI11	271	285
Q8CI11	271	285
Q8CI11	271	285
Q8CI11	421	429
Q8CI11	421	439
Q8CI11	171	177
Q8CI11	524	538
Q8CI11	249	262
Q8CI11	249	262
Q8CI11	184	195
Q8CI11	184	195
Q8CI11	184	195
Q8CI11	295	318
Q8CI11	295	318
Q8CI11	135	149
Q6PGG6	249	259
Q6PGG6	381	390
Q6PGG6	524	541
Q6PGG6	524	541
Q6PGG6	524	541
Q5U4C1	1048	1070
P13020	176	186
P13020	326	336
Q99ME9	518	525
Q99ME9	526	544
Q99ME9	526	544
Q99ME9	360	368
Q99ME9	526	544
Q99ME9	449	460
Q99ME9	449	460
Q99ME9	416	425
Q99ME9	204	213
Q99ME9	146	155
Q99ME9	146	155
Q99ME9	369	384
Q99ME9	369	384
Q99ME9	369	384
Q99ME9	191	203
Q99ME9	416	428
Q99ME9	416	425
Q99ME9	249	266
Q99ME9	170	181
Q99ME9	94	103
Q99ME9	94	103
Q99ME9	94	103
Q99ME9	398	415
Q99ME9	398	415
Q99ME9	217	233
Q99ME9	234	248
Q99ME9	17	25
Q99ME9	17	25
Q99ME9	249	266
Q99ME9	62	71
Q99ME9	400	415
Q99ME9	429	448
Q99ME9	429	448
Q99ME9	426	448
Q99ME9	429	448
Q99ME9	429	448
Q99ME9	429	448
P10922	28	40
P10922	28	40
Q80ZM5	47	57
Q80ZM5	47	56
Q80ZM5	94	105
Q60848	188	199
Q60848	322	332
Q60848	527	542
Q60848	527	542
Q60848	808	821
Q60848	808	821
Q60848	808	821
Q60848	774	786
Q6PG16	324	335
Q6PG16	620	634
Q6PG16	431	444
Q6PG16	134	149
Q9CX86	9	24
O88569	326	350
Q8BG05	356	377
Q8BG05	152	161
Q60668	112	119
Q60668	112	119
Q60668	120	129
Q60668	184	197
Q9Z2X1	201	217
Q9Z2X1	201	217
Q9Z2X1	263	275
Q9Z2X1	117	124
Q9Z2X1	263	275
Q9Z2X1	263	275
Q9Z2X1	91	98
Q9Z2X1	53	68
Q9Z2X1	53	68
Q9Z2X1	53	68
Q9Z2X1	91	98
Q9Z2X1	151	167
Q9Z2X1	151	167
Q9Z2X1	151	167
O35737	317	326
O35737	17	29
O35737	88	98
O35737	88	98
O35737	151	167
O35737	151	167
O35737	300	316
O35737	300	316
P70333	300	316
P61979	172	179
P61979	140	148
P61979	140	148
P61979	70	86
P61979	397	405
P61979	434	456
P61979	434	456
P61979	208	219
Q8R081	414	431
Q9D0E1	388	402
Q9D0E1	606	620
Q9D0E1	18	37
Q9D0E1	591	605
Q9D0E1	345	361
Q9D0E1	18	37
Q9D0E1	18	37
Q9D0E1	112	119
Q9D0E1	591	605
Q9D0E1	531	542
Q9D0E1	627	649
Q9D0E1	627	649
Q9D0E1	345	361
Q9D0E1	670	684
Q9D0E1	606	620
Q9D0E1	485	495
Q9D0E1	591	605
Q9D0E1	591	605
Q9D0E1	322	344
Q9D0E1	322	344
Q9D0E1	83	91
Q9D0E1	201	213
Q9D0E1	322	344
Q9D0E1	371	380
Q9D0E1	322	344
Q9D0E1	219	231
Q9D0E1	658	666
Q9D0E1	658	666
Q9D0E1	94	109
Q9D0E1	94	109
Q9D0E1	322	344
Q9D0E1	94	109
Q9D0E1	94	109
Q9D0E1	94	109
Q8VEK3	603	611
Q8VEK3	400	409
Q8VEK3	542	548
Q8VEK3	569	577
Q8VEK3	552	566
Q8VEK3	38	68
Q8VEK3	232	244
Q8VEK3	232	244
Q8VEK3	501	512
Q8VEK3	38	68
Q8VEK3	38	68
Q8VEK3	38	68
Q8VEK3	232	241
Q8VEK3	182	199
Q8VEK3	501	512
Q8VEK3	471	486
Q8VEK3	471	486
Q8VEK3	247	276
Q8VEK3	472	486
Q8VEK3	439	460
Q8VDM6	272	284
Q8VDM6	519	527
Q8VDM6	519	527
Q8VDM6	127	143
Q8VDM6	377	387
Q8VDM6	377	387
Q8VDM6	502	516
Q8VDM6	107	117
Q8VDM6	362	376
Q8VDM6	362	376
Q8VDM6	451	462
Q8VDM6	352	358
Q8VDM6	148	163
Q8VDM6	451	462
Q8VDM6	478	491
Q8VDM6	388	409
Q00PI9	737	745
Q00PI9	507	519
Q00PI9	272	280
Q3TEA8	294	302
Q3TEA8	134	148
Q3TEA8	15	29
Q3TEA8	259	269
Q3TEA8	259	269
O70503	224	238
P07901	192	201
P07901	501	511
P07901	47	58
P07901	347	356
P07901	316	328
P07901	340	346
P07901	75	84
P07901	301	315
P07901	388	401
P07901	88	100
P07901	88	100
P07901	101	112
P07901	88	100
P11499	482	491
P11499	73	82
P11499	307	319
P11499	292	306
P08113	103	114
P08113	103	116
P17879	424	447
P17879	424	447
P17879	424	447
P17879	172	187
P16627	223	238
P16627	223	238
P16627	28	38
P16627	39	51
P16627	542	552
P16627	174	189
P17156	224	239
P17156	420	426
P17156	303	314
P17156	305	314
P17156	173	189
P17156	173	189
P17156	173	189
P17156	352	364
P17156	352	360
Q61316	800	833
Q61316	155	169
Q61316	135	153
Q61316	85	102
P48722	375	388
P48722	375	388
P20029	83	98
P20029	103	114
P20029	125	139
P20029	166	182
P20029	83	97
P20029	83	97
P20029	83	97
P20029	448	465
P20029	635	655
P20029	354	368
P20029	354	368
P20029	354	368
P20029	62	75
P20029	449	465
P20029	355	368
P20029	564	574
P20029	199	215
P20029	326	337
P20029	326	337
P20029	476	493
P20029	476	493
P20029	476	493
P20029	603	618
P20029	603	618
P20029	623	634
P20029	140	153
P63017	252	258
P63017	518	524
P63017	77	88
P63017	77	88
P63017	103	112
P63017	312	319
P63017	57	72
P63017	329	342
P63017	77	88
P63017	77	88
P63017	78	88
P63017	602	609
P63017	237	247
P63017	89	102
P63017	57	72
P63017	57	71
P63017	127	137
P63017	540	550
P63017	89	102
P63017	237	246
P63017	78	88
P63017	57	71
P63017	160	171
P63017	540	550
P63017	459	469
P63017	459	469
P63017	459	469
P63017	138	155
P63017	127	137
P63017	138	155
P63017	113	126
P63017	113	126
P63017	574	597
P63017	574	597
P63017	610	646
P63017	4	25
P63017	4	25
P63017	4	25
P63017	4	25
P63017	610	646
P63017	610	646
P63017	610	646
P63017	610	646
P63017	610	646
P63017	574	583
P63017	574	583
P63017	113	126
P63017	113	126
P63017	113	126
P63017	610	646
P63017	610	646
P63017	610	646
P63017	570	583
P63017	362	384
P63017	362	384
P63017	362	384
P63017	362	384
P63017	362	384
P63017	362	384
P63017	362	384
P63017	362	384
P63017	362	384
P38647	77	85
P38647	127	135
P38647	293	307
P38647	108	121
P38647	108	121
P38647	293	307
P38647	556	563
P38647	207	218
P38647	469	485
P38647	378	391
P38647	188	202
P38647	188	202
P38647	647	653
P38647	395	405
P38647	378	391
P38647	266	284
P38647	219	234
P38647	349	360
P38647	160	173
P38647	160	173
P38647	160	173
P38647	499	513
P38647	499	513
P63038	97	121
P63038	222	233
P63038	251	268
P63038	206	218
P63038	143	157
Q61699	361	374
Q61699	20	33
Q61699	222	234
P19182	122	130
P19182	269	281
P19182	269	281
P19182	84	92
P19182	84	92
P19182	112	120
P19182	395	411
P19182	395	411
P19182	395	411
P19182	395	411
P19182	395	411
P19182	395	411
Q9D8U0	416	424
Q9D8U0	79	87
Q9D8U0	334	350
Q9D8U0	334	350
Q9D8U0	116	125
Q9D8U0	264	276
Q9D8U0	107	115
Q9D8U0	161	180
Q9D8U0	161	180
Q9D8U0	390	406
O88477	526	538
O88477	526	538
O88477	539	551
O88477	151	167
O88477	151	167
O88477	474	483
O88477	27	36
O88477	453	465
O88477	509	525
O88477	509	525
O88477	4	20
O88477	4	20
O88477	4	20
O88477	200	213
Q5SF07	541	553
Q5SF07	468	480
Q9CPN8	539	551
Q9CPN8	259	266
Q9CPN8	509	525
Q9CPN8	37	52
Q9CPN8	37	52
Q9CPN8	27	36
Q9CPN8	27	36
Q9CPN8	139	150
Q9CPN8	310	325
Q9CPN8	310	325
Q7TT37	859	880
Q9CXY6	366	390
Q9CXY6	260	269
Q9CXY6	197	206
Q9CXY6	175	185
Q9CXY6	128	141
Q9CXY6	128	141
Q9Z1X4	203	211
Q9Z1X4	461	474
Q9Z1X4	44	74
Q9Z1X4	588	601
Q9Z1X4	183	200
Q9Z1X4	588	600
Q8CAQ8	623	631
Q8CAQ8	230	249
P24547	137	149
P24547	182	195
P24547	312	322
P24547	109	124
P24547	183	195
P24547	357	375
P24547	209	224
Q7TPD0	8	34
Q8K2V6	541	549
Q8K2V6	124	137
Q8VI75	190	200
Q8VI75	256	264
Q8VI75	402	411
Q8VI75	55	62
Q8VI75	82	90
Q8VI75	212	220
Q8VI75	795	803
Q8VI75	458	472
Q8VI75	458	472
Q8VI75	267	276
Q8BKC5	721	735
Q8BKC5	706	712
Q8BKC5	442	457
Q8BKC5	527	539
Q8BKC5	618	632
Q91YE6	1035	1041
Q920Q8	129	138
Q920Q8	139	148
Q920Q8	36	47
Q920Q8	266	286
Q920Q8	266	286
Q920Q8	119	128
Q920Q8	266	286
Q920Q8	129	138
Q920Q8	198	204
Q920Q8	100	110
Q920Q8	491	501
Q920Q8	491	501
Q920Q8	97	110
Q920Q8	465	477
Q920Q8	465	477
Q920Q8	532	549
Q920Q8	532	549
Q920Q8	336	358
Q920Q8	178	193
Q920Q8	178	193
Q920Q8	532	549
Q920Q8	336	358
Q920Q8	336	358
Q920Q8	561	583
Q920Q8	336	358
Q920Q8	231	256
Q920Q8	231	256
Q920Q8	231	256
Q920Q8	231	256
Q920Q8	231	256
Q920Q8	1	21
Q920Q8	1	21
Q920Q8	1	21
Q920Q8	1	21
Q920Q8	336	358
Q920Q8	336	358
Q920Q8	336	358
Q920Q8	1	21
Q920Q8	75	96
P52332	893	907
P52332	859	871
P52332	843	858
P52332	532	540
P52332	549	558
P52332	724	735
P52332	755	767
P52332	953	964
Q62315	70	106
Q62315	838	850
Q62315	886	902
Q62315	659	674
Q62315	659	674
Q62315	1059	1069
Q62315	1059	1069
Q62315	547	563
Q62315	132	149
Q62315	154	164
Q62315	154	164
Q62315	1182	1197
Q62315	1182	1197
Q80Y84	178	192
Q9Z2Q2	323	335
Q9Z2Q2	324	335
Q9Z2Q2	222	234
Q9Z2Q2	428	442
Q9Z2Q2	107	119
Q9Z2Q2	107	119
Q9Z2Q2	338	356
Q9Z2Q2	428	442
Q9Z2Q2	8	17
Q9Z2Q2	357	365
Q9Z2Q2	373	393
Q9Z2Q2	251	263
Q9Z2Q2	55	74
Q9Z2Q2	55	74
Q9Z2Q2	27	54
Q8C3Y4	1543	1556
Q8C3Y4	807	820
P52293	84	101
P52293	69	83
P52293	124	130
P52293	301	315
P52293	301	315
P52293	331	348
O35344	113	121
O35345	355	368
O35345	355	368
O35345	229	239
P70168	43	54
P70168	192	206
Q8VDQ9	529	552
Q8BGA5	125	133
Q8BGA5	105	114
Q8BGA5	134	145
Q8BGA5	25	46
Q8BGA5	264	289
Q587J6	776	782
Q587J6	582	594
Q587J6	205	218
Q587J6	555	565
Q587J6	767	775
Q587J6	767	775
Q587J6	757	766
Q587J6	494	509
Q587J6	463	487
Q587J6	306	317
Q9EP89	300	310
Q9EP89	302	310
Q9EP89	166	174
Q9EP89	387	398
Q9EP89	289	299
Q9EP89	166	174
Q9EP89	464	473
Q9EP89	464	473
Q9EP89	135	159
Q9EP89	116	134
Q9EP89	116	134
Q9EP89	116	134
Q9EP89	414	428
Q9EP89	181	203
Q9EP89	181	203
Q9EP89	520	540
P02469	1131	1137
Q6ZQ58	67	88
Q6ZQ58	1030	1055
Q6ZQ58	105	125
Q6ZQ58	105	125
Q6ZQ58	287	301
Q6ZQ58	332	341
Q6ZQ58	743	755
Q6ZQ58	934	941
Q6ZQ58	501	516
Q6ZQ58	731	742
Q6ZQ58	719	730
Q6ZQ58	822	848
Q6ZQ58	881	894
Q6ZQ58	958	969
Q6ZQ58	881	894
Q6ZQ58	620	631
Q6ZQ58	695	718
Q6ZQ58	263	286
Q6ZQ58	263	286
Q6ZQ58	263	286
Q6ZQ58	695	718
Q6ZQ58	881	894
Q6ZQ58	881	894
Q6ZQ58	225	238
Q6ZQ58	950	969
Q6ZQ58	950	969
Q6ZQ58	620	631
Q6ZQ58	385	397
Q6ZQ58	140	158
Q6ZQ58	140	158
Q6ZQ58	140	158
Q6ZQ58	140	158
Q6ZQ58	263	286
Q6ZQ58	225	238
Q6ZQ58	945	957
Q6ZQ58	521	538
Q8BWW4	63	76
Q8BWW4	408	423
Q8BWW4	63	76
Q8BWW4	424	438
Q8BWW4	489	498
Q8BWW4	201	212
Q8BWW4	122	129
Q8BWW4	611	634
Q8BWW4	568	602
Q8BWW4	424	438
Q8BWW4	424	438
Q8BWW4	162	174
Q8BWW4	162	174
Q8BWW4	162	174
Q8BWW4	472	488
Q8BWW4	162	174
Q8BWW4	472	488
Q8BWW4	472	488
Q6A0A2	637	648
Q6A0A2	548	555
Q6A0A2	165	172
Q6A0A2	165	172
Q6A0A2	41	52
Q6A0A2	430	446
Q6A0A2	430	446
Q05CL8	485	502
Q05CL8	90	102
Q05CL8	365	373
Q05CL8	485	502
Q05CL8	176	189
Q05CL8	432	446
Q05CL8	120	128
Q05CL8	35	47
A2BE28	84	97
A2BE28	25	33
Q3U9G9	171	181
Q3U9G9	189	200
Q3U9G9	606	612
Q3U9G9	201	215
Q3U9G9	127	151
Q3U9G9	365	383
Q3U9G9	365	383
Q8K3Y3	31	45
Q8K3Y3	109	122
Q9D945	89	104
Q9D945	89	104
Q9D945	89	104
Q9D945	43	56
Q9D945	35	56
Q9D945	35	56
Q91WK0	267	279
Q91WK0	334	347
Q91WK0	334	347
Q91WK0	295	318
Q3UM18	504	516
Q3UM18	504	516
Q3UM18	504	516
Q3UM18	266	281
Q3UM18	581	589
Q3UM18	214	222
Q3UM18	336	352
Q3UM18	336	352
Q3UM18	337	352
Q3UM18	337	352
Q3UM18	540	555
Q3UM18	386	397
Q3UM18	386	397
Q3UM18	191	199
Q3UM18	452	466
Q3UM18	530	555
Q3UM18	89	99
Q3UM18	206	213
Q3UM18	109	115
Q3UM18	123	138
Q3UM18	123	138
Q3UM18	437	451
Q3UM18	437	451
Q3UM18	482	503
Q3UM18	482	503
Q3UM18	573	589
Q3UM18	594	624
Q3UM18	223	231
Q3UM18	223	231
Q3UM18	174	184
Q3UM18	174	184
Q3UM18	368	385
Q3UM18	223	231
Q3UM18	482	503
Q3UM18	437	451
Q3UM18	437	451
Q3UM18	223	231
Q3UM18	482	503
Q3UM18	594	624
Q3UM18	594	624
Q3UM18	152	159
Q3UM18	370	385
Q3UM18	370	385
Q3UM18	152	159
Q3UM18	191	205
Q3UM18	437	451
Q3UM18	353	361
Q3UM18	353	361
Q3UM18	468	481
Q3UM18	468	481
Q3UM18	468	481
Q3UM18	353	360
Q3UM18	409	436
Q3UM18	409	436
Q3UM18	337	360
Q3UM18	409	436
Q3UM18	409	436
Q3UM18	409	436
Q3UM18	409	436
Q6A009	974	982
Q6A009	384	397
Q6A009	384	397
Q6NSQ7	377	386
Q9CYI4	140	154
Q9CYI4	140	154
Q9CYI4	140	154
Q9CYI4	331	341
Q9CYI4	38	53
Q9CYI4	9	19
Q9CYI4	108	122
Q9CYI4	214	222
Q9CYI4	9	19
Q7TNC4	175	186
Q7TNC4	38	53
Q7TNC4	140	154
Q7TNC4	140	154
Q7TNC4	189	205
Q7TNC4	189	204
Q7TNC4	140	161
Q7TNC4	108	122
Q7TNC4	108	122
Q7TNC4	9	19
Q7TNC4	108	122
Q7TNC4	214	222
Q5SUF2	107	124
Q5SUF2	174	187
Q5SUF2	174	187
Q5SUF2	174	187
Q5SUF2	88	98
Q5SUF2	37	52
Q5SUF2	37	52
Q5SUF2	37	52
Q5SUF2	37	52
Q08288	246	259
Q08288	171	182
Q08288	260	273
Q08288	51	57
Q08288	221	244
Q08288	223	244
Q08288	223	245
Q08288	223	245
Q08288	87	93
Q08288	202	213
Q08288	296	315
Q08288	296	308
Q08288	298	315
Q08288	330	339
Q08288	296	315
Q08288	74	80
Q08288	74	80
Q08288	27	38
Q08288	296	308
Q08288	39	46
Q08288	1	14
Q08288	1	14
Q08288	1	14
Q08288	27	46
Q08288	27	46
Q08288	27	46
Q08288	96	109
Q08288	96	109
A2A9R3	102	113
A2A9R3	102	113
A2A9R3	170	183
A2A9R3	17	31
A2A9R3	17	31
A2A9R3	145	154
P61327	63	82
Q8BGS0	31	41
Q8BGS0	152	164
Q8BGS0	170	188
Q8BGS0	170	188
Q8BGS0	170	188
Q8BGS0	90	103
Q8BGS0	90	103
Q62073	412	429
Q62073	156	172
Q05512	463	479
Q8K310	533	542
Q8K310	399	407
Q8K310	780	797
Q99MR8	219	228
Q99MR8	449	460
Q99MR8	281	295
Q99MR8	194	201
Q99MR8	194	201
Q99MR8	364	381
Q99MR8	364	381
Q99MR8	140	154
Q99MR8	632	655
Q99MR8	502	514
Q99MR8	502	514
Q3ULD5	512	525
Q3ULD5	513	525
Q3ULD5	249	268
Q3ULD5	31	50
Q3ULD5	556	562
Q3ULD5	496	511
Q3ULD5	194	204
Q3ULD5	349	361
Q3ULD5	236	248
Q3ULD5	470	487
P25206	577	596
P49718	494	512
P49718	494	512
A2ANY6	101	114
A2ANY6	4570	4580
Q9CQU1	359	371
E9PVX6	832	843
E9PVX6	2541	2558
E9PVX6	707	726
E9PVX6	2299	2310
E9PVX6	1061	1075
E9PVX6	1351	1362
E9PVX6	707	726
E9PVX6	707	726
E9PVX6	212	230
E9PVX6	212	230
E9PVX6	84	93
E9PVX6	2667	2682
E9PVX6	2370	2378
E9PVX6	1397	1418
E9PVX6	2103	2124
E9PVX6	2103	2124
E9PVX6	187	199
E9PVX6	187	199
E9PVX6	1156	1177
E9PVX6	1156	1177
E9PVX6	1156	1177
E9PVX6	1851	1857
E9PVX6	1465	1478
E9PVX6	1609	1621
E9PVX6	1669	1686
E9PVX6	55	81
E9PVX6	1733	1760
E9PVX6	685	700
E9PVX6	1439	1461
E9PVX6	727	748
E9PVX6	1439	1461
E9PVX6	727	748
E9PVX6	1439	1461
E9PVX6	427	455
E9PVX6	427	455
E9PVX6	685	700
E9PVX6	1200	1230
E9PVX6	1909	1939
E9PVX6	1909	1939
Q8VI63	42	48
Q8VI63	121	131
Q8VI63	121	131
Q8VI63	35	41
Q8VI63	105	120
F7BJB9	476	484
F7BJB9	359	368
F7BJB9	240	252
F7BJB9	221	231
F7BJB9	704	718
F7BJB9	240	252
F7BJB9	866	894
F7BJB9	866	894
F7BJB9	421	432
F7BJB9	639	657
F7BJB9	639	657
F7BJB9	253	263
F7BJB9	140	152
F7BJB9	390	404
F7BJB9	527	545
F7BJB9	80	88
F7BJB9	527	545
F7BJB9	527	545
F7BJB9	369	377
F7BJB9	164	180
F7BJB9	485	508
F7BJB9	485	508
P23249	122	135
P23249	863	874
P23249	668	683
P23249	941	953
P23249	497	509
P23249	497	509
P23249	875	883
P23249	481	490
P23249	514	531
P23249	934	940
P23249	707	715
P23249	987	1001
P23249	358	376
P23249	438	445
P23249	377	394
P23249	377	394
P23249	377	394
P23249	395	415
P23249	237	257
P23249	789	809
P23249	303	319
Q810V0	333	351
Q9CPR5	281	291
Q9CPR5	64	76
Q9D1N9	58	78
Q9D1B9	217	228
Q9CQE3	91	114
Q9CQE3	33	41
Q99N84	34	55
Q9CXW2	104	115
Q80ZS3	42	59
Q8BK72	125	132
Q8BK72	348	362
Q8BK72	278	288
Q9JIK9	64	70
Q9JIK9	114	121
Q99N87	139	152
Q80X85	128	139
Q80X85	76	93
Q9D0I8	144	154
Q9D0I8	206	214
Q9D0I8	178	188
Q9D0I8	144	154
Q9D0I8	206	214
Q9D0I8	119	126
Q9D0I8	24	32
Q9D0I8	24	31
Q9D0I8	72	79
Q9D0I8	155	164
Q9D0I8	155	164
Q9D0I8	98	107
Q9D0I8	108	118
Q9D0I8	155	163
Q9D0I8	192	201
Q9D0I8	164	177
Q9D0I8	131	143
Q9D0I8	131	143
Q9D0I8	165	177
Q9D0I8	165	177
Q9D0I8	192	201
Q9D0I8	192	201
P43247	198	212
P43247	919	929
P43247	551	565
P43247	551	565
P43247	551	565
P43247	114	122
P43247	742	752
P43247	848	871
P43247	883	890
P43247	407	423
P43247	407	423
P43247	309	332
P43247	309	332
Q9CQ65	33	49
Q02395	550	561
Q02395	348	360
Q02395	197	215
Q02395	244	260
Q9EQK5	92	107
Q9EQK5	92	107
O35682	8	24
Q7TPV4	10	23
Q7TPV4	10	23
Q7TPV4	431	441
Q7TPV4	1195	1214
Q7TPV4	1195	1214
Q7TPV4	1023	1033
Q7TPV4	1157	1170
Q7TPV4	889	906
Q7TPV4	889	906
Q7TPV4	889	906
Q7TPV4	1023	1033
Q7TPV4	1230	1243
Q7TPV4	556	568
Q7TPV4	556	568
Q7TPV4	1244	1259
Q7TPV4	1244	1259
Q7TPV4	1157	1169
Q7TPV4	1195	1214
Q7TPV4	466	475
Q7TPV4	1323	1332
Q7TPV4	1323	1332
Q7TPV4	1060	1073
Q7TPV4	528	542
Q7TPV4	1268	1287
Q7TPV4	330	345
Q7TPV4	1270	1287
Q7TPV4	569	579
Q7TPV4	1270	1287
Q7TPV4	757	764
Q7TPV4	286	293
Q7TPV4	330	345
Q7TPV4	948	971
Q7TPV4	948	971
Q7TPV4	607	624
Q7TPV4	607	624
Q7TPV4	607	624
Q7TPV4	1132	1141
Q7TPV4	607	623
Q7TPV4	972	984
Q7TPV4	569	579
Q7TPV4	569	579
Q7TPV4	569	579
Q7TPV4	1132	1141
Q7TPV4	543	555
Q7TPV4	972	983
Q7TPV4	262	271
Q7TPV4	543	555
Q7TPV4	410	429
Q7TPV4	1098	1112
Q7TPV4	410	429
Q7TPV4	985	999
Q7TPV4	985	999
Q7TPV4	306	324
Q7TPV4	827	837
Q7TPV4	306	324
Q7TPV4	346	367
Q9EQS3	21	29
Q9EQS3	30	49
Q9EQS3	30	49
Q9EQS3	30	49
Q8C854	426	437
Q8C854	242	251
Q8C854	478	488
Q8C854	93	103
Q8C854	520	529
Q61879	1906	1919
Q61879	1227	1241
Q61879	726	738
Q61879	573	583
Q61879	1762	1777
Q61879	690	700
Q61879	297	308
Q61879	1823	1835
Q61879	1491	1504
Q61879	1425	1440
Q61879	1309	1329
Q61879	1546	1562
Q61879	217	232
Q61879	1115	1131
Q61879	1684	1701
O08638	1452	1461
O08638	415	426
O08638	217	232
O08638	217	232
Q8VDD5	1220	1234
Q8VDD5	1220	1234
Q8VDD5	1899	1912
Q8VDD5	1846	1856
Q8VDD5	1923	1932
Q8VDD5	1358	1370
Q8VDD5	1358	1370
Q8VDD5	1698	1716
Q8VDD5	1529	1538
Q8VDD5	746	755
Q8VDD5	910	923
Q8VDD5	1504	1518
Q8VDD5	290	299
Q8VDD5	1816	1828
Q8VDD5	1816	1828
Q8VDD5	1755	1770
Q8VDD5	1755	1770
Q8VDD5	1001	1016
Q8VDD5	1001	1014
Q8VDD5	868	882
Q8VDD5	328	341
Q8VDD5	15	29
Q8VDD5	618	637
Q8VDD5	618	637
Q8VDD5	1302	1322
Q8VDD5	1302	1322
Q8VDD5	1302	1322
Q8VDD5	1278	1295
Q8VDD5	618	637
Q8VDD5	618	637
Q8VDD5	618	637
Q8VDD5	342	355
Q3THE2	94	104
Q3THE2	152	161
Q60605	38	50
Q60605	27	37
Q9JMH9	802	816
Q9JMH9	1960	1980
Q9JMH9	974	996
Q9WTI7	34	43
Q9WTI7	341	350
Q9WTI7	814	821
Q9WTI7	478	486
Q9WTI7	827	841
Q9WTI7	827	841
Q9WTI7	827	841
Q9WTI7	456	477
Q9WTI7	910	927
Q9WTI7	910	927
Q9WTI7	910	927
Q9WTI7	174	188
Q9WTI7	174	188
Q9WTI7	939	954
Q9WTI7	489	512
E9Q634	851	859
E9Q634	363	373
E9Q634	999	1018
S4R2C8	36	42
P70670	2152	2164
P70670	2152	2164
P70670	2086	2099
P70670	2086	2099
P70670	2100	2114
P70670	2100	2114
P70670	2173	2187
Q7TSZ8	324	340
Q7TSZ8	324	340
P28656	95	104
P28656	106	117
P28656	37	55
P28656	177	194
P28656	177	194
P28656	177	194
P28656	37	55
P28656	37	55
P28656	56	72
Q78ZA7	283	297
Q8K224	433	447
Q8K224	706	718
Q8K224	187	195
Q8K224	811	823
Q8K224	876	897
Q8K224	600	625
Q8K224	600	625
P09405	452	459
P09405	556	564
P09405	336	344
P09405	575	586
P09405	460	469
P09405	460	469
P09405	430	439
P09405	637	645
P09405	365	372
P09405	625	645
P09405	413	422
P09405	432	439
P09405	625	645
P09405	625	645
P09405	432	439
P09405	488	500
P09405	501	509
P09405	575	594
P09405	575	594
P09405	575	594
P09405	350	364
P09405	401	412
P09405	608	621
P09405	608	621
P09405	401	412
P09405	608	621
P09405	608	621
P09405	608	621
P09405	608	621
P09405	351	364
P09405	351	364
P09405	298	320
P09405	327	335
P09405	300	320
P09405	300	320
Q9CZA6	251	262
Q8CCP0	577	586
Q8CCP0	544	553
Q8CCP0	657	664
Q8CCP0	384	397
Q8CCP0	225	231
Q8CCP0	872	885
Q8CCP0	68	77
Q8CCP0	68	77
Q8CCP0	1053	1062
Q8CCP0	160	169
Q8CCP0	521	527
Q8CCP0	818	835
Q8CCP0	26	40
Q8CCP0	817	831
Q8CCP0	817	831
Q8CCP0	68	77
Q8CCP0	68	77
Q8CCP0	48	57
Q8CCP0	334	345
Q8CCP0	170	179
Q8CCP0	621	636
Q8CCP0	621	636
Q8CCP0	621	636
Q8CCP0	621	636
Q8CCP0	334	347
Q8CCP0	334	347
Q8CCP0	749	784
Q8CCP0	12	25
Q8CCP0	12	25
Q8CCP0	12	25
Q8CCP0	12	25
Q8CCP0	12	25
Q8CCP0	367	383
Q8CCP0	367	383
Q8CCP0	367	383
Q8CCP0	367	383
Q8CCP0	186	212
Q5NCX5	1234	1250
Q9CRB2	6	22
Q9CRB2	6	22
Q9CRB2	26	41
Q9D0T1	114	125
Q9D0T1	114	125
Q9D0T1	114	125
Q9D0T1	22	33
Q91VE6	249	267
Q91VE6	182	196
Q9CXK8	44	53
Q9CXK8	44	53
Q9CXK8	19	38
Q9CXK8	54	72
Q9CXK8	54	72
Q8BY02	380	394
Q8VEJ4	87	99
Q8VEJ4	87	99
Q3TKR3	297	307
Q3TKR3	211	224
Q3TKR3	211	224
Q3TKR3	272	285
Q3TKR3	52	60
Q3TKR3	841	857
Q99L48	350	362
Q99L48	350	362
Q99L48	461	477
Q99L48	461	477
Q99L48	461	477
Q99L48	38	48
Q99L48	252	260
Q99L48	252	260
Q99L48	339	349
Q99L48	339	349
Q99L48	40	48
Q99L48	340	349
Q99L48	340	349
Q99L48	49	56
Q99L48	393	406
Q99L48	190	202
Q99L48	398	406
Q99L48	77	85
Q99L48	77	85
Q99L48	77	85
Q99L48	95	108
Q99L48	95	108
Q99L48	95	108
Q99L48	398	405
Q99L48	261	276
Q99L48	208	219
Q99L48	77	84
Q99L48	240	251
Q99L48	240	251
Q99L48	312	325
Q99L48	312	325
Q99L48	312	325
Q99L48	312	325
Q99L48	312	325
Q99L48	438	454
Q99L48	312	325
Q99L48	438	454
Q99L48	240	260
Q99L48	208	219
Q99L48	208	219
Q99L48	208	219
Q99L48	438	453
Q99L48	208	219
Q99L48	61	76
Q99L48	61	76
Q99L48	61	76
Q99L48	61	76
Q99L48	61	76
Q99L48	61	76
Q99L48	61	76
Q99L48	168	178
O70311	255	267
Q9JJF3	114	122
Q9JJF3	30	41
Q9JJF3	144	161
Q8BW10	350	372
Q8BW10	350	372
Q8VI84	306	316
Q8VI84	306	316
Q8VI84	306	316
Q8VI84	511	523
Q8BG17	19	27
Q8BG17	121	148
Q8R5K4	51	66
Q9D7Z3	219	232
Q9D7Z3	219	232
Q3TZX8	610	629
E9Q5C9	687	698
E9Q5C9	687	698
E9Q5C9	9	20
Q3UFM5	101	122
Q3UFM5	178	191
Q3UFM5	753	760
Q3UFM5	589	602
Q99K48	129	137
Q99K48	78	93
Q99K48	210	241
Q8R3N1	88	100
Q8R3N1	838	851
Q8R3N1	420	439
E9QN31	707	717
E9QN31	308	316
Q922K7	393	406
Q922K7	641	671
Q922K7	641	671
Q922K7	739	759
Q922K7	739	759
Q922K7	417	430
Q922K7	373	383
Q922K7	384	392
Q922K7	442	456
Q922K7	442	461
Q922K7	228	236
Q922K7	524	538
Q922K7	478	492
Q922K7	258	272
Q922K7	258	272
Q922K7	258	272
Q9D6Z1	271	278
Q9D6Z1	552	565
Q9D6Z1	405	416
Q9D6Z1	484	500
Q9D6Z1	321	333
Q9D6Z1	321	333
Q9D6Z1	553	565
Q9D6Z1	423	437
Q9D6Z1	78	88
Q9D6Z1	509	524
Q9D6Z1	382	396
Q9D6Z1	78	87
Q9D6Z1	78	87
Q9D6Z1	289	307
Q9D6Z1	48	77
Q9D6Z1	289	307
Q6DFW4	427	441
Q6DFW4	372	388
Q6DFW4	121	133
Q6DFW4	269	278
Q6DFW4	372	388
Q6DFW4	197	206
Q6DFW4	197	206
Q6DFW4	121	133
Q6DFW4	279	297
Q6DFW4	279	297
Q61937	33	45
Q61937	46	54
Q61937	74	80
Q61937	55	73
Q61937	276	289
Q61937	276	289
Q61937	46	73
Q61937	276	289
Q61937	276	289
Q61937	276	289
Q61937	276	289
Q61937	276	289
Q61937	81	101
Q61937	81	101
Q61937	81	101
Q61937	81	101
Q61937	81	101
Q61937	81	101
Q61066	120	133
Q9CR47	170	177
Q9CR47	75	93
Q9CR47	153	162
Q9CR47	81	93
Q9CR47	117	123
Q9CR47	201	216
Q9CR47	201	216
Q9CR47	202	216
Q9CR47	217	235
Q9CR47	190	200
O88491	979	997
O88491	477	498
O88491	1780	1792
O88491	1938	1947
Q1HFZ0	9	27
Q1HFZ0	618	627
Q1HFZ0	339	356
Q1HFZ0	602	617
Q9CQF3	36	50
Q5F2E7	111	123
Q5F2E7	124	137
Q5F2E7	124	137
Q5F2E7	397	406
Q5F2E7	601	614
Q5F2E7	615	636
Q5F2E7	331	351
Q9DBY8	285	298
Q9DBY8	515	529
Q9DBY8	299	310
Q9DBY8	42	49
Q9DBY8	253	262
Q9DBY8	428	439
Q9DBY8	328	344
Q9DBY8	328	344
Q9DBY8	183	197
Q9DBY8	784	797
Q9DBY8	167	176
Q9DBY8	29	41
Q9DBY8	700	714
Q9DBY8	700	714
Q9DBY8	647	660
Q9DBY8	62	70
Q9DBY8	742	753
Q9DBY8	633	646
Q9DBY8	763	783
Q9DBY8	608	627
Q9DBY8	608	627
Q9DBY8	608	627
Q9DBY8	700	714
Q9DBY8	700	714
Q9DBY8	700	714
Q9DBY8	230	247
Q9DBY8	311	327
Q8CGY8	31	42
Q8CGY8	307	321
Q8CGY8	900	908
Q8CGY8	878	899
Q8CGY8	878	899
Q8CGY8	734	742
Q8CGY8	390	406
Q8CGY8	743	752
Q8CGY8	489	499
Q8CGY8	285	304
Q8CGY8	285	304
Q8CGY8	833	852
Q8CGY8	833	852
Q8CGY8	833	852
Q8CGY8	353	376
Q8CGY8	853	866
B2RRE7	955	964
B2RRE7	1034	1043
B2RRE7	1034	1043
B2RRE7	994	1008
B2RRE7	248	255
B2RRE7	526	541
B2RRE7	939	954
B2RRE7	897	911
B2RRE7	897	911
B2RRE7	897	911
B2RRE7	1014	1028
B2RRE7	327	342
B2RRE7	327	342
B2RRE7	435	446
B2RRE7	673	691
B2RRE7	673	689
B2RRE7	673	689
B2RRE7	256	264
B2RRE7	457	491
B2RRE7	696	703
B2RRE7	696	703
B2RRE7	873	896
B2RRE7	159	175
B2RRE7	159	175
P50580	356	364
P50580	291	298
P50580	145	155
P50580	145	155
P50580	345	355
P50580	377	394
P50580	200	210
P50580	52	62
P50580	264	272
P50580	345	355
P50580	345	355
P50580	272	281
P50580	52	62
P50580	264	271
P50580	173	191
P50580	156	172
P50580	156	172
P50580	272	281
P50580	94	107
P50580	94	107
P50580	173	191
P50580	173	191
P50580	321	332
P50580	321	332
P50580	321	332
P50580	299	311
P50580	299	311
P50580	299	311
P50580	299	311
P50580	321	332
P50580	299	311
P50580	299	311
P50580	34	51
P50580	34	51
P50580	34	51
P50580	273	281
P50580	34	51
P50580	34	51
P50580	34	51
P50580	34	51
P50580	34	51
P50580	34	51
P50580	333	355
P50580	333	355
P50580	333	355
P50580	333	355
P50580	333	355
P50580	73	93
P50580	321	332
P50580	333	355
P50580	333	355
P50580	321	332
P50580	333	355
P50580	34	51
P29341	180	186
P29341	349	356
P29341	197	206
P29341	130	138
P29341	300	309
P29341	197	206
P29341	158	166
P29341	482	506
P29341	482	506
P29341	197	208
P29341	300	311
P29341	482	506
P29341	197	208
P29341	158	166
P29341	139	153
P29341	626	636
P29341	50	67
P29341	420	436
P29341	187	196
P29341	291	299
P29341	291	299
P29341	214	221
P29341	189	196
P29341	605	620
P29341	607	620
P29341	96	104
P29341	312	324
P29341	312	324
P29341	51	67
P29341	51	67
P29341	68	78
P29341	68	78
P29341	68	78
P29341	357	370
P29341	31	41
P29341	313	324
P29341	334	348
P29341	197	213
P29341	68	78
P29341	391	419
P29341	391	419
P29341	391	419
P29341	566	580
P29341	391	419
P29341	391	419
P29341	581	604
P29341	114	129
A3KFU5	300	312
A3KFU5	300	312
A3KFU5	300	311
A3KFU5	197	208
A3KFU5	603	616
A3KFU5	601	616
A3KFU5	437	454
A3KFU5	96	104
A3KFU5	312	324
A3KFU5	68	78
A3KFU5	139	153
A3KFU5	291	299
A3KFU5	232	240
A3KFU5	31	41
A3KFU5	31	41
A3KFU5	357	370
A3KFU5	357	370
A3KFU5	209	216
A3KFU5	209	216
A3KFU5	68	78
A3KFU5	68	78
A3KFU5	562	576
A3KFU5	313	324
A3KFU5	68	78
A3KFU5	68	78
A3KFU5	562	576
A3KFU5	562	576
A3KFU5	197	216
A3KFU5	197	216
A3KFU5	197	216
A3KFU5	197	216
A3KFU5	197	216
A3KFU5	197	216
A3KFU5	197	216
A3KFU5	197	216
A3KFU8	476	509
A3KFU8	476	509
A3KFU8	476	509
Q9D0B6	157	180
Q9D0B6	67	76
Q9D0B6	84	98
Q9D0B6	84	98
Q9D0B6	53	63
Q8BSQ9	1089	1096
Q8BSQ9	426	434
Q8BSQ9	1186	1208
Q8BSQ9	691	701
Q8BSQ9	561	569
Q8BSQ9	203	210
Q8BSQ9	203	210
P60335	178	200
P60335	145	160
P60335	145	160
P60335	145	160
P60335	58	70
P60335	58	70
Q61990	58	70
Q61990	58	70
Q61990	145	160
P57722	321	328
P57722	79	89
P57722	157	176
P57722	157	176
P57722	157	176
P57722	157	176
P57722	134	147
P17918	92	110
P17918	118	138
Q6NS46	1481	1497
Q6NS46	1722	1729
Q6NS46	561	571
Q6NS46	306	316
Q6NS46	1079	1094
Q6NS46	1321	1339
Q6NS46	1684	1694
Q6NS46	1684	1694
Q6NS46	1256	1265
Q6NS46	1208	1225
Q6NS46	982	1000
Q6NS46	982	1000
Q6NS46	235	247
Q6NS46	458	471
Q6NS46	458	471
Q6NS46	1400	1424
Q6NS46	1400	1424
Q6NS46	139	150
Q6NS46	741	758
Q3U2X6	222	235
Q6A026	1183	1202
Q9DBD5	356	366
Q9DBD5	243	255
Q9DBD5	217	224
Q8CIW5	533	544
Q8CIW5	162	178
Q8CIW5	162	178
Q8CIW5	204	218
Q8CIW5	204	218
A2AUP1	303	312
A2AUP1	117	131
A2AUP1	191	208
P12382	716	727
P12382	699	714
Q9WUA3	408	429
Q9WUA3	725	735
Q9WUA3	193	209
Q8BX10	76	87
Q8BX10	76	87
Q8BX10	64	73
Q8BX10	273	284
Q8BX10	65	73
P09411	280	297
P83870	45	57
P83870	96	102
O08908	498	504
O70161	135	142
O70161	352	367
O70161	305	313
O70161	81	100
O70161	573	588
O70161	460	491
P52480	368	376
P52480	44	56
P52480	33	43
P52480	189	206
P52480	189	206
P52480	152	162
P52480	401	422
Q9CPS7	219	232
Q9CPS7	91	104
P08775	720	734
P08775	1207	1213
P08775	1136	1149
Q8CFI7	1024	1035
Q8CFI7	117	130
Q8CFI7	898	917
Q80UW8	25	41
Q8K205	749	769
Q8K205	686	697
Q8K205	218	229
Q8K205	839	851
Q8K205	839	851
Q8K205	101	111
Q8K205	779	795
Q8K205	771	778
Q8K205	1024	1037
Q8K205	607	621
Q8K205	607	621
Q8K205	337	344
Q8K205	434	448
Q8K205	415	431
Q8K205	355	379
Q8K205	355	379
Q8K205	568	590
Q8K205	568	590
Q8K205	728	743
Q8K205	303	313
Q8K205	642	654
Q8K205	642	654
Q9CR08	113	130
Q9DCH2	9	23
Q91YU8	21	36
Q91YU8	391	407
Q91YU8	391	407
Q91YU8	391	407
Q91YU8	279	285
Q91YU8	304	315
Q91YU8	180	195
Q91YU8	102	114
Q91YU8	180	195
Q91YU8	102	114
P17742	38	44
P17742	20	31
P17742	20	28
Q99NF7	409	419
P62137	151	168
Q76MZ3	382	398
Q9CQR6	118	132
Q9CQR6	265	275
Q7TSI3	470	492
Q7TSI3	470	492
Q7TSI3	470	492
Q922D4	540	553
Q922D4	135	145
Q922D4	475	486
Q922D4	135	144
Q922D4	180	190
Q922D4	127	134
P35700	111	120
P35700	8	16
P35700	8	16
P35700	159	168
P35700	159	168
Q9WTX2	48	56
Q9WTX2	34	45
Q8CIG8	588	601
Q8CIG8	165	184
Q8CIG8	165	184
Q8CIG8	491	505
Q8CIG8	334	343
Q8CIG8	489	505
Q8CIG8	155	164
Q8CIG8	36	49
Q8CIG8	155	184
Q8CIG8	228	241
Q8CIG8	36	49
Q8CIG8	19	35
Q8CIG8	19	35
Q8CIG8	459	479
Q8CIG8	228	240
Q5PRE5	5	15
Q5PRE5	44	53
Q5PRE5	44	53
Q8CCF0	409	417
Q8CCF0	339	351
Q8CCF0	331	338
Q8CCF0	316	326
Q8CCF0	244	256
Q8CCF0	244	256
Q8CCF0	187	201
Q8CCF0	231	243
Q8CCF0	479	488
Q8CCF0	244	256
Q8CCF0	59	66
Q8CCF0	59	66
Q8CCF0	231	243
Q8CCF0	59	66
Q8CCF0	479	488
Q8CCF0	445	470
Q8CCF0	445	470
Q8CCF0	121	137
Q8CCF0	121	137
Q8CCF0	121	137
Q8CCF0	121	137
Q8CCF0	121	137
Q8CCF0	121	137
Q8CCF0	212	230
Q8CCF0	212	230
Q8CCF0	121	137
Q8CCF0	212	230
Q8CCF0	92	112
Q8CCF0	92	112
Q8CCF0	92	112
Q8CCF0	92	112
Q8CCF0	92	112
Q8CCF0	92	112
Q80SY5	44	55
Q80SY5	44	55
Q9DAW6	134	146
Q9DAW6	113	128
Q9R1C7	165	184
Q9R1C7	715	723
Q9R1C7	642	658
Q9R1C7	642	658
Q61136	666	676
Q61136	943	953
Q61136	687	703
Q61136	687	703
Q61136	992	1006
Q61136	954	964
Q61136	99	112
Q61136	99	112
Q61136	101	112
Q91YR7	303	317
Q91YR7	255	271
Q91YR7	179	189
Q9D7G0	164	176
Q9D7G0	34	49
Q9D7G0	34	49
Q9D7G0	35	49
Q9D7G0	185	194
Q9D7G0	261	282
Q9D7G0	261	280
Q9D7G0	261	280
Q9D7G0	261	280
Q9CS42	34	49
Q9CS42	164	176
Q9CS42	164	176
Q9CS42	205	214
Q9CS42	35	49
Q9CS42	35	49
Q9CS42	205	212
Q9CS42	215	235
Q9CS42	215	235
Q9CS42	185	194
Q9CS42	85	96
Q9CS42	85	96
Q9CS42	85	96
Q9CS42	261	282
Q9CS42	215	235
Q9CS42	215	235
Q9CS42	215	235
Q9CS42	215	235
Q9CS42	215	235
Q9CS42	215	235
Q9CS42	215	235
Q9CS42	215	235
Q9CS42	215	235
Q9CS42	261	282
Q9CS42	261	280
Q9CS42	261	280
Q9CS42	261	280
Q9CS42	244	260
B1AT82	5	18
Q9D0M1	37	48
Q9D0M1	37	48
Q9D0M1	339	350
Q9D0M1	339	350
Q9D0M1	10	24
Q9D0M1	10	24
Q9D0M1	221	236
Q9D0M1	221	236
Q9D0M1	280	295
Q9D0M1	221	236
Q9D0M1	57	68
Q9D0M1	221	236
Q9D0M1	296	317
Q9D0M1	139	152
Q9D0M1	91	103
Q9D0M1	91	103
Q9D0M1	153	169
Q9D0M1	153	169
Q9D0M1	153	169
Q9D0M1	153	169
Q9D0M1	153	169
Q9D0M1	153	169
Q9D0M1	153	169
Q9D0M1	325	337
Q9D0M1	325	337
Q8R574	49	57
Q8R574	61	68
Q8R574	182	188
Q8R574	250	263
Q8R574	250	263
Q8R574	137	150
Q8R574	137	150
Q8R574	137	150
Q8R574	137	150
Q8R574	137	150
Q8R574	137	150
Q8R574	69	80
Q8R574	129	136
Q8R574	205	225
Q8R574	293	308
Q8R574	293	308
Q8R574	293	308
Q8R574	71	80
Q8R574	309	330
Q8R574	309	330
Q8R574	151	164
Q8R574	338	350
Q8R574	103	115
Q8R574	338	350
Q8R574	338	350
Q8R574	338	350
Q8R574	338	350
Q8R574	338	350
Q8R574	338	350
Q8R574	165	181
Q8R574	165	181
Q8R574	165	181
Q8R574	165	181
Q8R574	165	181
Q8R574	165	181
Q3TLH4	452	462
Q3TLH4	257	267
Q3TLH4	257	267
Q3TLH4	2137	2159
Q3TLH4	2614	2631
Q3TLH4	430	447
Q3TLH4	2160	2178
Q9R1P4	97	107
Q9R1P0	68	91
Q9R1P0	68	91
Q9R1P0	55	64
Q9R1P0	68	91
Q9CWH6	98	111
P62192	221	232
P62192	334	346
P46471	403	415
P46471	211	222
P46471	24	34
P46471	340	351
P46471	201	210
P46471	47	57
P46471	121	139
P46471	298	312
O88685	177	196
O88685	159	174
O88685	197	212
O88685	280	297
O88685	133	147
O88685	133	147
P54775	179	192
P54775	179	192
P62196	361	372
P62196	95	113
P62196	95	113
P62196	298	310
P62196	126	142
P62196	126	142
P62196	126	142
P62334	169	180
P62334	186	197
P62334	98	109
P62334	147	161
P62334	147	161
P62334	49	62
Q3TXS7	650	666
Q3TXS7	402	413
Q3TXS7	916	934
Q3TXS7	525	543
Q3TXS7	491	498
Q3TXS7	935	953
Q3TXS7	935	953
Q3TXS7	418	429
Q3TXS7	418	429
Q8BG32	60	71
Q8BG32	259	274
Q8BG32	259	274
Q8BG32	47	59
Q8BG32	47	59
Q9D8W5	16	27
Q9D8W5	331	350
Q9D8W5	213	223
Q9D8W5	432	441
Q9D8W5	161	179
Q9D8W5	161	179
Q9WVJ2	314	321
Q9WVJ2	340	347
Q9WVJ2	353	361
O35593	69	94
O35593	69	94
Q8VDM4	442	456
Q8VDM4	829	845
Q8VDM4	704	712
Q8VDM4	557	569
Q8VDM4	689	703
P14685	293	302
P14685	270	283
P14685	413	421
P14685	62	76
P14685	371	381
P14685	371	381
P14685	238	252
P14685	422	436
O35226	26	40
O35226	353	364
O35226	109	126
Q99JI4	24	32
Q99JI4	108	125
Q99JI4	243	257
Q99JI4	243	257
Q99JI4	243	257
P26516	178	190
P26516	178	190
P26516	35	45
P26516	35	45
Q9CX56	222	230
Q9CX56	293	300
Q8R326	374	387
Q8R326	198	209
Q8R326	83	99
Q8R326	215	246
Q8R326	215	246
P17225	84	93
P17225	324	346
Q14C51	633	648
Q14C51	633	648
Q3UEB3	546	556
Q3UEB3	547	556
Q3UEB3	129	135
Q3UEB3	38	48
Q3UEB3	508	519
Q3UEB3	273	281
Q3UEB3	479	494
Q3UEB3	152	161
Q3UEB3	162	173
Q3UEB3	473	494
Q3UEB3	473	494
Q3UEB3	162	173
Q3UEB3	59	74
Q3UEB3	59	74
Q3UEB3	282	303
Q3UEB3	282	303
Q3UEB3	136	151
Q3UEB3	136	151
Q3UEB3	282	303
Q3UEB3	282	303
Q3UEB3	282	303
Q3UEB3	307	337
Q3UEB3	307	337
Q3UEB3	307	337
Q3UEB3	307	337
Q3UEB3	307	337
Q3UEB3	307	337
Q3UEB3	307	337
Q3UEB3-2	91	109
Q3UEB3-2	91	109
P42669	230	238
O35295	165	195
Q99LL5	73	84
Q99LL5	6	14
Q99LL5	398	410
Q99LL5	398	410
Q99LL5	133	155
Q99LL5	456	471
Q99LL5	301	321
Q99LL5	301	321
Q99LL5	301	321
Q99LL5	301	321
P70388	474	483
Q64012	23	34
P62827	111	123
Q8BIV3	702	713
Q9D0I9	648	659
Q9D0I9	363	377
Q60972	132	143
Q60972	297	304
Q60972	144	156
P97868	1675	1689
P97868	982	1000
P97868	942	959
Q99KG3	854	864
Q99KG3	109	126
Q99KG3	903	915
Q99KG3	903	915
Q99KG3	135	146
Q99KG3	727	744
Q99KG3	882	893
Q99KG3	903	920
Q99KG3	135	146
Q99KG3	135	157
Q99KG3	135	157
Q99KG3	837	853
Q99KG3	671	680
Q99KG3	253	263
Q99KG3	135	157
Q99KG3	376	383
Q99KG3	838	853
Q99KG3	838	853
Q99KG3	187	201
Q99KG3	686	699
Q99KG3	213	221
Q99KG3	172	186
Q99KG3	472	497
Q99KG3	472	497
Q99KG3	472	497
Q99KG3	472	497
Q99KG3	498	535
Q99KG3	498	535
Q99KG3	264	305
Q99KG3	264	305
Q8C2Q3	51	64
Q8C2Q3	263	274
Q8C2Q3	263	274
Q8C2Q3	251	262
Q8C2Q3	239	250
Q8C2Q3	275	286
Q8C2Q3	617	625
Q8C2Q3	224	238
Q8C2Q3	224	238
Q8C2Q3	81	96
Q8C2Q3	81	96
Q8JZX4	191	201
Q8JZX4	359	365
Q8JZX4	359	365
Q8JZX4	47	58
Q8JZX4	47	58
Q8JZX4	398	405
Q8JZX4	343	358
Q8JZX4	343	358
B2RY56	76	97
B2RY56	126	142
B2RY56	246	260
Q6NZN0	51	63
Q8CGC6	469	478
Q8CGC6	549	561
Q8CGC6	549	561
Q8CGC6	562	572
Q8CGC6	382	396
Q8CGC6	183	192
Q8CGC6	525	539
Q8CGC6	721	729
Q8CGC6	367	381
Q8CGC6	367	381
Q8CGC6	527	539
Q8CGC6	527	539
Q8CGC6	155	162
Q8CGC6	132	147
Q8CGC6	17	31
Q8CGC6	17	31
Q8CGC6	17	31
Q8CGC6	17	31
Q8C5L7	174	184
Q8C5L7	267	276
Q8C5L7	277	288
Q8C5L7	190	202
Q8C5L7	292	301
Q8C5L7	18	41
Q8C5L7	18	41
Q8C5L7	302	321
Q8C5L7	54	78
Q8C5L7	54	78
Q8C5L7	54	78
Q8C5L7	54	78
Q8C5L7	54	78
Q8VH51	97	103
Q8VH51	468	477
Q8VH51	347	356
Q8VH51	134	150
Q8VH51	134	150
Q8VH51	112	119
Q8VH51	276	289
Q8VH51	306	322
Q8VH51	154	163
Q8VH51	330	346
Q8VH51	268	275
Q8VH51	276	289
Q8VH51	276	289
Q8VH51	306	322
Q8VH51	307	322
Q8VH51	307	322
Q8VH51	292	305
Q8VH51	292	305
Q8VH51	276	289
Q8VH51	478	494
Q8VH51	478	494
Q8VH51	218	232
Q8VH51	218	232
Q8VH51	218	232
Q8VH51	218	232
Q8VH51	168	178
Q8VH51	168	178
Q91YE7	710	721
Q91YE7	712	721
Q91YE7	712	721
Q91YE7	684	695
Q3ULB0	303	314
Q9CWZ3	50	68
Q9DAE2	123	141
Q9DAE2	50	63
Q9DAE2	50	63
Q9DAE2	10	22
Q9DAE2	34	41
Q9WVB0	10	24
Q9WVB0	110	130
Q8VC52	62	72
Q8VC52	26	39
Q9JJT0	119	133
Q9JJT0	39	53
Q8VIG1	880	896
Q6PAQ4	28	39
Q6PAQ4	289	300
Q6PAQ4	332	343
Q6PAQ4	253	266
P35601	466	477
P35601	716	726
Q9WUK4	132	150
Q8R323	257	270
Q8R323	131	142
Q8R323	184	201
Q99J62	222	232
Q99J62	65	84
Q9D0F6	150	159
Q9D0F6	120	138
Q6PR54	1474	1488
Q6PR54	1453	1466
Q6PR54	187	198
Q6PR54	187	198
Q6PR54	518	528
Q6PR54	2318	2330
Q922Q2	258	268
Q3UZ01	33	48
Q3UZ01	182	192
Q7TND5	20	44
Q7TND5	191	203
Q7TND5	110	138
Q9JJ80	38	50
Q9JJ80	253	265
Q9JJ80	67	83
Q9JJ80	67	83
Q9JJ80	212	226
Q9JKY0	275	281
Q9JKY0	137	148
Q6P5B0	892	902
Q6P5B0	1195	1208
Q6P5B0	1023	1031
Q6P5B0	795	809
Q6P5B0	741	751
Q6P5B0	72	90
Q6P5B0	821	827
Q6P5B0	962	968
Q6P5B0	1015	1022
Q6P5B0	773	784
Q6P5B0	1245	1255
Q6P5B0	1016	1022
Q6P5B0	91	109
Q6P5B0	568	575
Q6P5B0	314	325
Q6P5B0	969	981
Q9CYX7	208	215
Q9CYX7	209	215
Q9CYX7	169	179
Q91YK2	694	708
Q91YK2	260	267
Q91YK2	152	165
Q91YK2	694	708
Q91YK2	694	708
Q91YK2	549	568
Q91YK2	549	568
Q91YK2	323	344
Q91YK2	679	693
Q91YK2	127	133
Q91YK2	385	401
Q91YK2	668	678
Q91YK2	39	53
Q91YK2	39	53
Q91YK2	39	53
Q91YK2	324	344
Q91YK2	284	294
Q91YK2	507	522
Q91YK2	576	596
Q91YK2	192	198
Q91YK2	508	522
Q91YK2	508	522
Q91YK2	576	596
Q91YK2	576	596
Q91YK2	576	596
Q91YK2	215	235
Q91YK2	215	235
Q9CYH6	52	62
Q9CYH6	129	141
Q9CYH6	253	265
Q9CYH6	67	78
Q9CYH6	254	265
Q9CYH6	155	173
Q9CYH6	155	173
Q80T69	291	306
Q80T69	291	306
Q80T69	603	614
Q80T69	634	654
Q80T69	668	680
D3Z0K6	317	324
D3Z0K6	91	114
D3Z0K6	91	114
D3Z0K6	91	114
D3Z0K6	130	144
D3Z0K6	254	271
D3Z0K6	473	484
D3Z0K6	473	484
D3Z0K6	635	647
Q8BVY0	39	46
Q8BVY0	393	410
Q8BVY0	308	325
Q8BVY0	176	187
Q8BVY0	309	325
Q8BVY0	177	187
Q8BVY0	177	187
Q8BVY0	196	206
Q8BVY0	341	367
Q8BVY0	341	367
Q8BVY0	341	367
Q8BVY0	178	187
Q8BVY0	343	367
Q8BVY0	343	367
Q8BVY0	3	33
Q8BVY0	3	33
Q8BVY0	257	278
Q8BVY0	257	278
Q8BVY0	257	278
Q8BVY0	257	278
Q99L28	149	163
Q99L28	149	163
Q99L28	149	163
Q99L28	62	73
Q99L28	62	73
Q99L28	6	23
Q99L28	62	73
Q99L28	62	73
Q99L28	149	163
A2RTL5	171	182
A2RTL5	344	353
Q99LF4	309	321
Q99LF4	182	198
Q99LF4	477	492
Q99LF4	309	321
Q99LF4	68	81
Q99LF4	466	476
Q99LF4	45	51
Q99LF4	264	279
Q99LF4	56	67
Q99LF4	4	14
Q99LF4	442	451
Q99LF4	442	451
Q99LF4	129	158
Q99LF4	335	357
Q99LF4	335	357
Q99LF4	129	158
Q99LF4	129	158
Q99LF4	129	158
P60122	108	117
P60122	65	76
P60122	363	372
P60122	91	108
P60122	379	400
P60122	379	400
P60122	47	57
P60122	47	57
P60122	91	107
P60122	172	182
P60122	405	418
P60122	318	333
P60122	318	333
P60122	77	90
Q9WTM5	41	53
Q9WTM5	185	197
Q9WTM5	187	197
Q9WTM5	354	368
Q9WTM5	354	365
Q9WTM5	165	177
Q9WTM5	165	177
Q9WTM5	55	64
Q9WTM5	429	438
Q9WTM5	315	330
Q9WTM5	315	330
Q9WTM5	445	463
Q9WTM5	445	463
Q9WTM5	254	269
Q9WTM5	254	269
Q9WTM5	254	269
Q02614	293	304
Q02614	168	183
Q5U4C3	398	404
Q5U4C3	948	965
Q5U4C3	410	433
Q5U4C3	1068	1082
Q5U4C3	290	314
Q6PFF0	843	858
B1AVB1	451	461
Q8CFE4	494	505
Q8CFE4	174	188
Q8CFE4	622	636
Q8CFE4	622	636
Q8CFE4	15	30
Q8CFE4	15	30
Q8CFE4	306	323
Q8CFE4	59	69
Q8CFE4	440	455
Q8CFE4	648	672
Q8CFE4	433	439
Q8CFE4	408	418
Q8CFE4	539	551
Q80UZ2	136	146
Q80UZ2	136	146
Q80UZ2	198	209
Q80UZ2	198	209
Q80UZ2	386	399
Q80UZ2	245	254
Q80UZ2	245	254
Q80UZ2	5	21
Q80UZ2	22	39
Q80UZ2	9	21
Q80UZ2	23	39
Q80UZ2	23	39
Q9EP97	501	510
Q9EP97	226	253
Q9CY58	112	122
Q9CY58	40	52
Q9CY58	53	68
Q9CY58	53	68
Q9CY58	329	344
Q9CY58	329	344
Q9CY58	309	319
Q9CY58	301	308
Q9CY58	93	103
Q9CY58	79	92
Q9CY58	93	102
Q9CY58	146	163
Q9CY58	79	91
Q9CY58	146	163
Q9CY58	80	92
Q9CY58	80	92
Q9CY58	217	236
Q9CY58	286	293
Q9CY58	286	293
Q9CY58	286	293
Q9CY58	80	91
Q9CY58	286	293
Q9CY58	286	293
Q9CY58	80	102
Q9CY58	241	285
Q9CY58	241	285
Q9CY58	241	285
Q9CY58	387	407
Q9CY58	390	407
Q9CY58	390	407
Q9CY58	390	407
Q9CY58	17	32
Q9CY58	17	32
Q9CY58	17	32
Q9CY58	17	32
Q9CY58	17	32
Q9CY58	17	32
Q9CY58	17	32
Q9CY58	17	32
Q9CY58-2	229	270
Q99NB9	7	16
Q99NB9	844	852
Q99NB9	253	270
Q99NB9	1031	1041
Q99NB9	742	748
Q99NB9	1138	1149
Q99NB9	414	425
Q99NB9	1009	1019
Q99NB9	1009	1019
Q99NB9	396	413
Q99NB9	925	939
Q99NB9	808	816
Q3UJB0	267	284
Q3UJB0	267	284
Q3UJB0	267	284
Q3UJB0	231	251
Q3UJB0	267	284
Q3UJB0	135	146
Q3UJB0	60	71
Q3UJB0	450	469
Q3UJB0	450	469
Q3UJB0	36	47
Q3UJB0	135	148
Q3UJB0	622	632
Q3UJB0	182	199
Q3UJB0	149	163
Q3UJB0	443	449
Q921M3	27	34
Q921M3	76	86
Q921M3	76	86
Q921M3	857	867
Q921M3	912	918
Q921M3	706	718
Q921M3	919	929
Q921M3	677	690
Q921M3	943	958
Q921M3	87	96
Q921M3	37	49
Q921M3	1017	1031
Q921M3	1017	1031
Q921M3	604	615
Q921M3	329	343
O70456	42	49
Q8VIJ6	291	307
Q8VIJ6	291	307
Q3USH5	96	105
Q3USH5	907	921
Q3USH5	319	331
Q7TSY8	410	424
G3UYT1	119	136
Q9CZU3	63	76
Q9CZU3	613	626
Q9CZU3	80	96
Q9WTX5	143	154
Q9WTX5	29	56
Q9CR62	191	206
Q8BH59	454	465
Q8BH59	382	390
Q8BH59	391	403
Q8BH59	391	403
Q9QXX4	555	568
Q9QXX4	628	642
Q9QXX4	246	260
Q9QXX4	57	69
Q9QXX4	643	654
Q9QXX4	293	310
Q9QXX4	655	670
Q9QXX4	293	310
Q8VEM8	185	196
Q8VEM8	117	132
P48962	24	31
P48962	273	280
P48962	97	105
P48962	264	272
P48962	11	23
P48962	11	23
P48962	81	94
P48962	81	92
P48962	81	92
P48962	281	296
P51881	97	106
P51881	156	163
P51881	97	105
P51881	246	259
P51881	246	259
P51881	189	199
P51881	64	72
P51881	246	259
P51881	11	23
P51881	11	23
Q6PGB8	746	756
Q6PGB8	632	643
Q6PGB8	509	517
Q6PGB8	788	794
Q3TKT4	168	181
Q3TKT4	971	978
Q3TKT4	360	370
Q3TKT4	382	397
Q3TKT4	935	953
Q91ZW3	606	615
Q91ZW3	71	82
Q91ZW3	802	818
Q91ZW3	145	159
Q91ZW3	132	141
Q91ZW3	430	439
Q91ZW3	961	973
Q91ZW3	97	111
Q91ZW3	665	679
Q91ZW3	724	735
Q91ZW3	724	735
Q91ZW3	211	222
Q91ZW3	211	222
Q04692	429	441
Q04692	498	508
Q04692	853	862
Q9Z0H3	342	364
P97496	482	490
P97496	724	738
P97496	590	601
P97496	469	477
P97496	572	587
P97496	41	55
P97496	41	55
P97496	157	178
Q61466	101	119
Q61466	342	351
Q61466	184	194
Q61466	447	461
O54941	259	272
O54941	202	216
Q8CG48	18	38
Q78PY7	566	586
Q6P4T2	719	728
Q6P4T2	1571	1586
Q8K194	87	105
Q9D384	44	57
Q6PE01	8	18
Q6PE01	22	52
Q9D361	282	294
Q62376	404	422
Q62376	404	422
Q62376	145	155
Q62376	122	131
Q62376	88	103
Q62376	17	27
Q62189	14	26
Q62189	59	66
P27048	74	94
P27048	26	32
P27048	66	73
P62315	49	61
P62315	67	86
P62317	38	47
P62317	72	79
P62317	19	37
P62317	19	37
P62317	20	37
P62305	81	92
P62305	13	23
P62305	13	23
P62307	74	86
P62307	74	86
P62309	64	76
Q61142	108	117
Q61142	192	216
Q61142	74	90
Q61142	74	90
Q61142	74	90
Q62261	2123	2139
Q62261	2140	2157
Q62261	2177	2190
Q62261	594	610
Q62261	204	214
Q62261	891	904
Q62261	2241	2257
Q62261	1886	1894
Q62261	1336	1352
Q62261	157	172
Q62261	75	83
Q62261	549	558
Q62261	1144	1156
Q62261	1144	1156
Q62261	843	853
Q62261	559	569
Q62261	1493	1504
Q62261	2191	2205
Q62261	1493	1504
Q62261	2191	2205
Q62261	2191	2205
Q62261	1706	1717
Q62261	330	348
Q62261	2025	2043
Q62261	1467	1477
Q497V5	491	498
Q497V5	230	242
Q497V5	230	242
Q8BZX4	125	139
Q8BZX4	125	139
Q8BZX4	171	186
Q8BZX4	171	186
Q8BZX4	125	139
Q8BZX4	111	124
Q8BZX4-2	90	100
Q8BZX4-2	50	63
O70551	376	392
O70551	330	345
O70551	231	240
O70551	209	229
O70551	466	479
O70551	133	152
Q52KI8	911	927
Q52KI8	911	927
Q52KI8	230	246
Q52KI8	43	54
Q52KI8	84	96
Q8BTI8	162	175
Q99MR6	745	757
Q99MR6	745	757
Q6PDM2	75	83
Q6PDM2	143	154
Q6PDM2	143	154
Q6PDM2	29	38
Q6PDM2	31	38
Q6PDM2	52	74
B7ZNC5	362	376
B7ZNC5	317	329
B7ZNC5	138	151
B7ZNC5	168	185
D3Z4B0	57	70
D3Z4B0	57	70
D3Z4B0	44	51
D3Z4B0	97	113
D3Z4B0	97	113
D3Z4B0	97	113
Q62093	40	47
Q62093	67	83
Q62093	67	83
P84104	76	85
P84104	12	28
P84104	29	37
P84104	44	57
P84104	44	57
O35326	119	125
O35326	144	158
O35326	144	158
P32067	304	311
P32067	235	245
P32067	91	109
P32067	92	105
P32067	92	105
P32067	92	109
P32067	135	143
P32067	167	174
P32067	167	174
P32067	117	128
P32067	269	275
P32067	38	54
P32067	38	54
P32067	42	54
P32067	175	185
P32067	42	54
P32067	17	32
P32067	17	32
P32067	38	54
P32067	38	54
P32067	177	185
P32067	152	165
P32067	152	165
P32067	152	165
P32067	42	54
P32067	152	165
P32067	61	74
Q9CY50	103	110
Q9DCF9	9	22
Q08943	414	421
Q08943	189	203
Q08943	371	381
A2A5R8	187	202
A2A5R8	187	202
A2A5R8	187	202
Q9Z108	397	408
Q9Z108	163	172
Q9Z108	409	417
Q9Z108	210	221
Q9Z108	109	118
Q9Z108	109	118
Q9Z108	132	144
Q9Z108	293	314
Q9Z108	462	475
Q9Z108	368	383
Q9Z108	253	265
Q9Z108	253	265
Q9Z108	253	265
Q9Z1Z2	85	100
Q91WM1	476	501
Q3TDQ1	689	700
Q8BJS4	446	459
Q8BJS4	446	459
Q8BJS4	437	445
Q8BJS4	520	531
Q8BJS4	465	476
Q8BJS4	604	628
P70279	164	181
P70279	344	351
P70279	8	16
P70279	264	270
P70279	186	207
P70279	107	116
Q80U70	511	518
Q80U70	406	415
Q80U70	693	720
Q80U70	693	720
Q80U70	723	734
Q80U70	618	625
Q80U70	249	255
Q80U70	133	142
Q80U70	334	344
Q80U70	618	625
Q80U70	540	557
Q80U70	106	115
Q80U70	476	485
Q80U70	598	617
Q80U70	41	74
Q80U70	296	306
Q80U70	296	306
Q80U70	430	441
Q80U70	345	362
Q80U70	345	362
Q80U70	345	362
Q80U70	345	362
Q80U70	310	331
Q80U70	310	331
Q7TMK9	172	184
Q7TMK9	172	184
Q8CF89	105	115
Q8CF89	116	128
Q571K4	481	500
Q571K4	466	480
Q571K4	466	480
Q571K4	466	480
Q571K4	451	460
Q8K0H5	43	67
P97357	114	125
P97357	128	136
P97358	183	199
P97358	235	248
Q6PDZ2	670	687
Q6PDZ2	385	400
P97473	53	65
P97473	259	268
P97473	30	41
P97473	141	170
O08784	1162	1171
P11983	444	466
Q8K3F7	274	285
Q8K3F7	181	192
Q8K3F7	250	262
Q8K3F7	274	285
Q8K3F7	165	180
Q9CY27	17	33
Q9CY27	17	33
Q5SSK3	115	127
Q4JK59	1864	1876
Q4JK59	402	418
Q4JK59	392	401
Q4JK59	1726	1743
Q4JK59	1235	1251
Q4JK59	1235	1251
Q9ERA6	422	434
Q9R1X4	53	73
Q9R1X4	53	73
Q9R1X4	833	848
Q9R1X4	833	848
Q9WTQ8	52	68
Q9WTQ8	52	68
Q9D880	33	43
Q9D880	285	295
Q9D880	296	312
Q71LX4	1126	1132
Q9CR02	145	152
Q9CR02	145	151
Q9CR02	85	101
Q9CR02	85	101
Q9CR02	85	99
Q9CR02	122	144
P49813	207	214
P49813	207	214
Q9JHJ0	331	337
Q9JHJ0	222	230
Q9JHJ0	82	93
Q9JHJ0	76	93
Q9JHJ0	24	30
Q9JHJ0	84	93
Q9JHJ0	295	307
Q9JHJ0	318	328
Q9JHJ0	308	317
Q9JHJ0	281	289
Q9JHJ0	308	317
Q9JHJ0	295	307
Q9JHJ0	295	307
Q9JHJ0	14	23
Q9JHJ0	7	23
Q9JHJ0	200	209
Q9JHJ0	200	209
Q9JHJ0	69	75
Q9JHJ0	239	252
Q9JHJ0	239	252
Q9JHJ0	8	23
Q9JHJ0	239	252
Q9JHJ0	239	252
Q9JHJ0	210	221
Q9JHJ0	173	192
Q9JHJ0	173	192
Q9JHJ0	173	192
Q9JHJ0	173	192
Q9JHJ0	173	192
Q9JHJ0	8	30
Q9JHJ0	239	252
Q9JHJ0	239	252
Q9JHJ0	239	252
Q9JHJ0	239	252
Q9JHJ0	173	191
Q9JHJ0	173	191
Q9JHJ0	31	51
Q9JHJ0	31	51
Q9JHJ0	259	280
Q9JHJ0	259	280
Q8BKI2	580	597
Q04750	226	241
Q01320	440	449
Q01320	1239	1257
Q01320	827	834
Q01320	1237	1257
Q01320	1237	1257
Q01320	713	726
Q01320	949	957
Q01320	324	335
Q01320	535	549
Q01320	936	948
Q01320	815	826
Q01320	478	486
Q01320	863	869
Q01320	450	465
Q01320	450	465
Q01320	512	518
Q01320	535	549
Q01320	713	726
Q01320	466	477
Q01320	466	477
Q01320	466	477
Q01320	727	734
Q01320	499	511
Q01320	701	712
Q01320	936	948
Q01320	168	175
Q01320	268	275
Q01320	1217	1226
Q01320	1217	1226
Q01320	254	264
Q01320	1487	1505
Q01320	1010	1019
Q01320	499	511
Q01320	499	511
Q01320	639	655
Q01320	661	671
Q01320	728	734
Q01320	73	82
Q01320	73	82
Q01320	639	654
Q01320	306	320
Q01320	804	814
Q01320	804	814
Q01320	662	671
Q01320	878	892
Q01320	878	892
Q01320	106	122
Q01320	227	240
Q01320	83	95
Q01320	878	892
Q01320	878	892
Q01320	804	814
Q01320	584	598
Q01320	584	598
Q01320	568	578
Q01320	568	578
Q64511	1502	1519
Q64511	1081	1089
Q64511	576	588
Q64511	1451	1469
Q64511	825	836
Q62318	409	428
Q62318	409	428
Q62318	409	428
Q62318	379	391
Q62318	409	428
Q62318	473	483
Q62318	379	391
Q62318	379	391
Q62318	232	251
Q62318	143	184
Q62318	143	184
Q62318	36	70
Q62318	240	251
Q62318	379	391
Q62318	298	305
Q62318	129	137
Q62318	129	137
Q62318	368	375
Q62318	255	262
Q62318	780	790
Q62318	780	790
Q62318	215	231
Q62318	298	305
Q62318	129	137
Q62318	298	305
Q62318	751	767
Q62318	751	767
Q62318	751	767
Q62318	256	262
Q62318	775	790
Q62318	555	591
Q62318	298	305
Q62318	508	524
Q62318	508	524
Q62318	508	524
Q62318	508	524
Q62318	508	524
Q62318	493	507
Q62318	392	401
Q62318	525	554
Q62318	525	554
Q62318	592	629
Q62318	592	629
Q62318	592	629
Q62318	349	366
Q62318	805	834
Q1PSW8	199	212
Q1PSW8	383	390
Q1PSW8	414	421
Q1PSW8	711	723
Q1PSW8	398	413
G5E870	1018	1028
G5E870	1398	1419
G5E870	1570	1580
G5E870	1322	1333
A2RSY6	145	153
A2RSY6	649	659
A2RSY6	300	315
A2RSY6	221	244
A2RSY6	386	403
A2RSY6	386	403
A2RSY6	258	269
Q9QUK9	73	92
Q9QUK9	73	92
Q9QUK9	73	92
Q9QUK9	73	92
Q5SWD9	79	93
Q5SWD9	760	770
Q5SWD9	117	130
Q5SWD9	526	536
Q5SWD9	220	234
Q5SWD9	220	234
Q5SWD9	776	790
F8VPK0	1312	1325
F8VPK0	1354	1366
F8VPK0	1533	1543
F8VPK0	408	428
F8VPK0	408	428
F8VPK0	271	286
Q62187	473	481
Q62187	782	790
Q62187	314	333
Q62187	523	538
Q62187	265	295
Q62187	792	802
Q8BFR5	430	450
Q8BFR5	239	252
Q91W90	208	227
P07607	22	29
P07607	135	157
P07607	45	58
P07607	142	157
P07607	142	157
P07607	171	179
P07607	45	58
P07607	45	58
P07607	171	179
P07607	121	134
P07607	121	134
P07607	1	21
P07607	59	71
P07607	110	120
P07607	1	21
Q9D883	126	133
Q9D883	134	151
Q8BGJ9	14	23
Q8BGJ9	16	23
Q8BGJ9	16	23
P26369	414	431
P26369	277	286
P26369	277	286
P26369	175	195
P26369	175	195
P26369	204	225
P26369	204	225
P26369	204	225
P26369	204	225
P26369	261	276
P26369	261	276
P26369	204	225
P26369	109	146
P26369	109	146
P26369	109	146
P26369	109	146
P26369	109	146
P26369	109	146
Q6NV83	169	188
Q6NV83	461	474
Q6NV83	434	440
Q6NV83	202	212
Q6NV83	477	488
Q6NV83	477	488
Q6NV83	623	635
Q6NV83	595	608
P0CG49	30	42
P0CG49	30	42
P0CG49	64	72
P0CG49	12	27
P0CG49	12	27
P0CG49	12	27
P0CG49	12	27
P0CG49	75	87
P25976	424	439
P25976	201	211
P25976	201	211
P25976	114	121
P25976	267	279
P25976	133	144
P25976	353	360
P25976	361	372
P25976	325	333
P25976	409	421
P25976	84	97
P25976	488	503
Q8CCJ3	519	532
Q8CCJ3	390	402
Q8CCJ3	559	570
Q8CCJ3	559	570
Q8CCJ3	242	251
Q8CCJ3	290	297
Q8CCJ3	368	379
Q8CCJ3	252	262
Q8CCJ3	192	209
Q8CCJ3	275	285
Q8CCJ3	538	551
Q8CCJ3	538	551
Q8CCJ3	535	551
Q8CCJ3	145	160
Q8CCJ3	145	160
Q9EPU0	684	693
Q9EPU0	789	806
Q9EPU0	903	913
Q9EPU0	469	486
Q9EPU0	469	486
Q9EPU0	487	504
Q9EPU0	266	290
Q9EPU0	518	539
Q9EPU0	216	231
Q9EPU0	337	344
Q9EPU0	638	661
Q9EPU0	638	661
Q9EPU0	185	195
B1AQJ2	995	1011
Q3TIX9	445	454
Q6A4J8	942	949
Q6A4J8	864	872
Q6A4J8	525	544
Q640M1	182	194
Q5XG71	1192	1205
Q5XG71	2544	2555
Q5XG71	2235	2246
Q5XG71	1775	1790
Q5XG71	467	481
Q5XG71	1007	1015
Q9CX11	52	63
Q9CX11	200	210
Q9CX11	24	40
Q9CX11	24	40
Q01853	701	709
Q01853	278	287
Q01853	530	543
Q01853	46	53
Q01853	96	109
Q01853	96	109
Q01853	96	109
Q01853	26	45
Q01853	639	651
Q65Z40	897	910
Q4VBE8	401	409
Q4VBE8	43	59
Q4VBE8	43	59
Q8VCG3	157	169
Q8VCG3	111	128
Q8VCG3	92	110
Q99J09	180	191
Q99J09	3	15
Q99J09	4	15
Q99J09	16	29
Q99J09	38	52
Q99J09	151	164
Q99J09	151	164
Q9ER69	234	253
Q6P5F9	516	522
Q6P5F9	246	253
Q6P5F9	713	722
Q6P5F9	797	810
Q6P5F9	797	810
Q6P5F9	173	190
Q6P5F9	130	139
Q924C1	160	174
Q924C1	746	762
Q924C1	387	396
Q924C1	1047	1057
Q924C1	614	631
Q9CRT8	861	872
Q9CRT8	861	872
Q9CRT8	416	429
Q9DBR1	804	816
Q9DBR1	88	95
Q9DBR1	660	676
Q9DBR1	13	27
Q9DBR1	677	688
Q9DBR1	469	493
Q9DBR1	155	172
Q9DBR1	316	330
Q9DBR1	642	656
Q9DBR1	316	330
P62960	255	278
P62960	255	277
P62960	303	322
P62960	303	322
P62960	203	232
P62960	203	232
P62960	203	232
P62960	203	232
P62960	190	197
P62960	203	232
P62960	203	232
P62960	68	75
P62960	190	197
P62960	190	197
P62960	117	135
P62960	117	135
P62960	190	197
P62960	117	135
P62960	191	197
P62960	100	116
P62960	100	116
P62960	100	116
P62960	100	116
P62960	100	116
P62960	100	116
P62960	100	116
P62960	100	116
P62960	100	116
P62960	100	116
P62960	100	116
P62960	100	116
P62960	100	135
P62960	100	135
P62960	100	135
P62960	100	135
B2RUF0	40	65
Q9JKB3	261	273
Q9JKB3	343	361
Q9JKB3	251	273
Q9JKB3	251	273
Q9JKB3	143	161
Q9JKB3	143	161
Q9JKB3	251	273
Q9JKB3	183	212
Q9JKB3	183	212
Q9JKB3	33	76
Q9JKB3-2	183	204
Q9JKB3-2	183	204
Q8BYK6	408	414
P61982	29	42
P61982	29	42
P63101	159	167
P63101	28	41
Q80X44	105	117
Q80X44	666	706
Q8BPK2	166	178
Q8BPK2	309	320
Q8BPK2	287	295
Q8BPK2	179	188
E9Q6W4	381	402
E9Q6W4	381	402
E9Q6W4	57	74
E9Q6W4	278	305
E9Q6W4	278	305
E9Q6W4	278	305
E9Q6W4	420	435
A2A7A1	89	103
B8JJZ4	281	292
B8JJZ4	281	292
O88532	192	208
O88532	192	208
O88532	954	969
E9QAG8	32	39
Q9DB42	105	116
Q9DB42	91	104
Q9DB42	69	77
Q9DB42	69	77
Q9DB42	117	134
Q91VY9	140	147
Q91VY9	166	178
Q91VY9	66	76
Q91VY9	350	356
Q91VY9	56	65
Q91VY9	313	327
Q91VY9	148	159
Q91VY9	107	114
Q91VY9	35	50
Q91VY9	35	50
Q91VY9	149	159
Q91VY9	36	50
Q91VY9	313	327
Q91VY9	313	327
Q91VY9	427	440
Q91VY9	35	50
Q91VY9	78	91
Q91VY9	78	91
Q91VY9	357	371
Q91VY9	36	50
Q91VY9	36	50
Q91VY9	427	440
Q91VY9	303	310
Q91VY9	350	371
Q91VY9	427	440
Q91VY9	179	187
Q91VY9	179	187
Q91VY9	372	389
Q91VY9	372	389
Q91VY9	427	440
Q91VY9	119	139
Q91VY9	119	139
Q91VY9	119	139
Q91VY9	372	389
Q91VY9	372	389
Q91VY9	357	389
Q91VY9	357	389
Q91VY9	273	288
Q91VY9	273	288
Q91VY9	357	389
Q91VY9	357	389
Q91VY9	273	288
Q91VY9	357	389
Q91VY9	273	288
Q91VY9	350	389
Q91VY9	350	389
Q91VY9	273	288
Q91VY9	332	349
Q61464	457	470
Q61464	696	702
Q3URR7	535	544
Q3URR7	639	654
Q3URR7	197	217
A7KBS4	152	174
Q3URS2	216	235
