Q6ZWV3	176	189
Q6ZWV3	176	189
Q6ZWV3	176	189
Q6ZWV3	176	189
Q6ZWV3	176	188
Q6ZWV3	176	188
Q6ZWV3	176	188
Q6ZWV3	176	188
Q6ZWV3	176	188
Q6ZWV3	176	189
Q6ZWV3	176	189
Q6ZWV3	176	189
Q6ZWV3	176	188
Q6ZWV3	176	188
Q6ZWV3	176	188
Q6ZWV3	176	188
Q6ZWV3	176	188
Q6ZWV3	176	188
Q6ZWV3	176	188
Q6ZWV3	176	188
P53026	16	23
P53026	8	15
P53026	134	147
P53026	131	147
P53026	131	147
P53026	123	130
P53026	79	92
P53026	79	92
P53026	134	147
P53026	134	147
P53026	131	147
P53026	79	91
P53026	161	173
P53026	79	92
P53026	162	173
P53026	79	92
P53026	79	92
P53026	162	173
P53026	162	173
P53026	79	92
P53026	79	92
P53026	162	173
P53026	106	118
P53026	106	118
P53026	106	118
P53026	79	91
P53026	79	91
P53026	107	118
P53026	107	118
P53026	28	39
P53026	28	39
Q5XJF6	63	78
Q5XJF6	63	78
Q5XJF6	63	78
Q5XJF6	63	78
Q5XJF6	63	78
Q5XJF6	63	78
Q5XJF6	63	78
P86048	146	154
P86048	102	110
P86048	102	110
P86048	102	110
P86048	117	128
P86048	146	153
P86048	91	98
P86048	189	198
P86048	142	154
P86048	142	153
P86048	190	198
P86048	129	139
P86048	176	184
P86048	129	139
P86048	129	139
P86048	129	139
P86048	129	139
P86048	129	139
P86048	176	188
P86048	41	69
P86048	41	69
P86048	41	69
P86048	41	69
P86048	41	69
P86048	41	69
P86048	43	69
P86048	43	69
P86048	41	69
P86048	43	69
P86048	43	69
P86048	43	69
P86048	43	69
P86048	43	69
P86048	43	69
P86048	43	69
P86048	43	69
P86048	43	69
P86048	43	69
P86048	43	69
P86048	43	69
P86048	43	69
P86048	43	69
P86048	43	69
P86048	43	69
P86048	43	69
P86048	43	69
P86048	43	69
P86048	43	69
P86048	43	69
P86048	43	69
P86048	43	69
P86048	43	69
P86048	43	69
P86048	43	69
P86048	43	69
P86048	43	69
P86048	43	69
P86048	43	69
P86048	41	69
P86048	43	69
P86048	43	69
P86048	43	69
P86048	41	69
P86048	43	69
Q9CXW4	148	154
Q9CXW4	79	85
Q9CXW4	19	32
Q9CXW4	20	32
Q9CXW4	170	178
Q9CXW4	20	32
Q9CXW4	20	32
Q9CXW4	20	32
Q9CXW4	20	32
Q9CXW4	20	32
Q9CXW4	20	32
Q9CXW4	20	32
Q9CXW4	20	32
Q9CXW4	20	32
Q9CXW4	20	32
Q9CXW4	20	32
Q9CXW4	39	54
Q9CXW4	20	32
Q9CXW4	20	32
Q9CXW4	39	52
Q9CXW4	39	52
Q9CXW4	39	52
Q9CXW4	39	52
Q9CXW4	39	52
Q9CXW4	36	52
Q9CXW4	39	52
Q9CXW4	97	118
Q9CXW4	97	118
Q9CXW4	97	118
Q9CXW4	39	52
Q9CXW4	97	118
Q9CXW4	97	118
Q9CXW4	97	118
Q9CXW4	39	52
Q9CXW4	97	118
Q9CXW4	97	118
Q9CXW4	97	118
Q9CXW4	97	118
Q9CXW4	97	118
Q9CXW4	97	118
Q9CXW4	97	118
Q9CXW4	97	118
Q9CXW4	97	118
Q9CXW4	97	118
Q9CXW4	39	52
Q9CXW4	97	118
Q9CXW4	97	118
Q9CXW4	97	118
Q9CXW4	97	118
Q9CXW4	97	118
P35979	41	48
P35979	124	130
P35979	17	31
P35979	17	31
P35979	131	146
P35979	131	146
P35979	131	146
P35979	131	146
P35979	147	165
P35979	147	165
P35979	32	40
P35979	32	40
P35979	100	114
P35979	100	114
P35979	100	114
P35979	100	114
P35979	100	114
P35979	100	114
P35979	100	114
P35979	17	40
P35979	68	83
P35979	68	83
P35979	68	83
P35979	68	83
P35979	68	83
P35979	68	83
P35979	68	83
P35979	68	83
P35979	68	83
P35979	68	83
P35979	124	146
P35979	124	146
P35979	124	146
P35979	68	86
P35979	100	114
P47963	106	116
P47963	106	116
P47963	201	209
P47963	106	116
P47963	106	116
P47963	136	145
P47963	199	209
P47963	168	174
P47963	6	16
P47963	6	16
P47963	6	16
P47963	168	177
P47963	22	32
P47963	122	129
P47963	22	31
P47963	22	31
P47963	75	82
P47963	75	82
P47963	22	31
P47963	146	158
P47963	146	158
P47963	146	158
P47963	136	158
P47963	146	158
P47963	146	158
P47963	146	158
P47963	146	158
P47963	137	158
P47963	136	158
P47963	136	158
P47963	137	158
P47963	137	158
P19253	62	68
P19253	117	125
P19253	134	140
P19253	141	148
P19253	117	125
P19253	118	125
P19253	118	125
P19253	149	160
P19253	149	160
P19253	38	49
P19253	38	49
P19253	38	49
P19253	38	49
P19253	149	159
P19253	149	159
P19253	149	159
P19253	118	125
P19253	104	115
P19253	104	115
P19253	104	115
P19253	104	115
P19253	104	115
P19253	118	128
P19253	102	115
P19253	102	115
P19253	102	115
P19253	102	115
P19253	104	114
P19253	104	114
P19253	104	114
P19253	104	114
P19253	102	114
P19253	102	114
P19253	19	31
P19253	192	203
Q9CR57	36	44
Q9CR57	47	53
Q9CR57	12	23
Q9CR57	12	23
Q9CR57	148	160
Q9CR57	148	160
Q9CR57	148	160
Q9CR57	148	160
Q9CR57	148	160
Q9CR57	148	160
Q9CR57	148	160
Q9CR57	148	160
Q9CR57	148	160
Q9CR57	54	63
Q9CR57	54	63
Q9CR57	54	63
Q9CR57	54	63
Q9CR57	54	63
Q9CR57	54	63
Q9CR57	54	63
Q9CR57	54	63
Q9CR57	24	35
Q9CR57	24	35
Q9CR57	54	63
Q9CR57	24	35
Q9CR57	54	63
Q9CR57	54	63
Q9CR57	24	35
Q9CR57	24	35
Q9CR57	24	35
Q9CR57	24	35
Q9CR57	24	35
Q9CR57	54	63
Q9CR57	24	35
Q9CR57	54	63
Q9CZM2	163	169
Q9CZM2	195	202
Q9CZM2	196	202
Q9CZM2	97	105
Q9CZM2	57	63
Q9CZM2	57	65
Q9CZM2	144	157
Q9CZM2	145	157
Q9CZM2	6	12
Q9CZM2	6	12
Q9CZM2	115	128
Q9CZM2	115	128
Q9CZM2	115	128
Q9CZM2	115	128
Q9CZM2	115	128
Q9CZM2	115	128
Q9CZM2	115	128
Q9CZM2	115	128
Q9CZM2	115	128
Q9CZM2	115	128
Q9CZM2	115	128
Q9CPR4	63	69
Q9CPR4	55	61
Q9CPR4	75	82
Q9CPR4	4	13
Q9CPR4	154	168
Q9CPR4	154	168
Q9CPR4	4	13
Q9CPR4	154	167
Q9CPR4	154	167
Q9CPR4	154	167
Q9CPR4	86	96
Q9CPR4	86	96
Q9CPR4	87	96
Q9CPR4	87	96
Q9CPR4	87	96
Q9CPR4	86	96
Q9CPR4	106	124
Q9CPR4	87	96
Q9CPR4	106	121
Q9CPR4	106	121
Q9CPR4	87	96
Q9CPR4	106	121
Q9CPR4	106	121
Q9CPR4	136	153
Q9CPR4	87	96
Q9CPR4	106	121
Q9CPR4	97	121
Q9CPR4	97	121
Q9CPR4	106	121
Q9CPR4	106	121
Q9CPR4	106	121
Q9CPR4	106	121
Q9CPR4	106	121
Q9CPR4	106	121
Q9CPR4	106	121
Q9CPR4	106	121
Q9CPR4	106	121
Q9CPR4	106	121
Q9CPR4	106	121
Q9CPR4	106	121
Q9CPR4	106	121
Q9CPR4	106	121
Q9CPR4	106	121
Q9CPR4	106	121
Q9CPR4	106	121
Q9CPR4	106	121
Q9CPR4	106	121
Q9CPR4	106	121
Q9CPR4	106	121
Q9CPR4	106	121
Q9CPR4	106	121
Q9CPR4	106	121
Q9CPR4	106	121
Q9CPR4	86	96
Q9CPR4	106	121
Q9CPR4	106	121
Q9CPR4	106	121
Q9CPR4	106	121
Q9CPR4	106	121
Q9CPR4	86	96
Q9CPR4	106	121
Q9CPR4	106	121
Q9CPR4	106	121
Q9CPR4	86	96
Q9CPR4	106	121
Q9CPR4	106	121
Q9CPR4	106	121
Q9CPR4	106	121
Q9CPR4	106	121
Q9CPR4	106	121
Q9CPR4	86	96
Q9CPR4	106	121
Q9CPR4	86	96
Q9CPR4	106	121
Q9CPR4	86	96
Q9CPR4	106	121
Q9CPR4	106	121
Q9CPR4	106	121
Q9CPR4	106	121
Q9CPR4	106	121
Q9CPR4	106	121
Q9CPR4	106	121
Q9CPR4	106	121
Q9CPR4	106	121
Q9CPR4	106	121
Q9CPR4	106	121
Q9CPR4	106	121
Q9CPR4	106	121
Q9CPR4	106	121
Q9CPR4	106	121
Q9CPR4	106	121
Q9CPR4	106	121
Q9CPR4	106	121
Q9CPR4	106	121
Q9CPR4	106	121
Q9CPR4	106	121
Q9CPR4	106	121
Q9CPR4	106	121
Q9CPR4	106	121
Q9CPR4	106	121
Q9CPR4	106	121
P35980	155	168
P35980	133	143
P35980	56	65
P35980	38	50
P35980	38	50
P35980	135	143
P35980	38	49
P35980	39	50
P35980	79	91
P35980	79	91
P35980	79	91
P35980	79	91
P35980	79	91
P35980	79	91
P35980	79	91
P35980	39	49
P35980	79	91
P35980	79	91
P35980	79	91
P35980	79	91
P35980	79	91
P35980	79	91
P35980	116	132
P35980	120	134
P35980	120	132
P35980	120	132
P35980	120	132
P35980	120	132
P35980	120	132
P35980	120	132
P35980	120	132
P35980	120	132
P35980	120	132
P35980	120	132
P35980	120	132
P35980	120	132
P35980	120	132
P35980	120	132
P35980	120	132
P35980	120	132
P35980	120	132
P62717	121	128
P62717	121	128
P62717	121	128
P62717	129	136
P62717	99	111
P62717	96	111
P62717	99	111
P62717	99	111
P62717	99	111
P62717	150	157
P62717	56	70
P62717	56	70
P62717	56	70
P62717	121	136
P62717	121	136
P62717	57	70
P62717	57	70
P62717	57	70
P62717	57	70
P62717	57	70
P62717	57	70
P62717	57	70
P62717	57	70
P62717	57	70
P62717	57	70
P62717	57	74
P62717	57	70
P62717	57	70
P62717	57	70
P62717	57	70
P62717	57	70
P62717	57	70
P62717	57	70
P62717	57	70
P62717	57	70
P62717	75	83
P62717	57	70
P62717	57	70
P62717	57	70
P62717	77	83
P62717	57	70
P62717	57	70
P62717	77	83
P62717	77	83
P62717	57	70
P62717	44	52
P62717	44	52
P84099	118	126
P84099	154	162
P84099	137	144
P84099	118	126
P84099	118	126
P84099	127	133
P84099	137	144
P84099	43	52
P84099	21	38
P84099	21	38
P84099	21	38
P84099	22	38
P84099	22	38
P84099	22	38
P84099	22	38
P84099	22	38
P84099	22	38
P84099	22	38
O09167	44	50
O09167	21	32
O09167	22	32
O09167	22	32
O09167	22	32
O09167	21	32
O09167	22	32
O09167	123	130
O09167	22	32
O09167	36	50
O09167	121	129
O09167	37	43
O09167	123	129
O09167	123	129
O09167	123	129
O09167	64	78
O09167	64	78
O09167	64	78
O09167	143	160
O09167	143	160
O09167	143	160
O09167	143	160
O09167	143	160
O09167	143	160
O09167	143	160
O09167	143	160
O09167	143	160
O09167	143	160
O09167	143	160
O09167	143	160
O09167	143	160
O09167	143	160
O09167	143	160
O09167	143	160
O09167	143	160
O09167	143	160
O09167	147	160
O09167	147	160
O09167	147	160
O09167	147	160
P67984	53	65
P67984	53	65
P67984	68	81
P67984	70	81
P67984	68	80
P67984	68	80
P67984	114	128
P67984	114	128
P67984	114	128
P67984	114	128
P67984	114	128
P67984	114	128
P67984	114	128
P67984	114	128
P67984	114	128
P67984	114	128
P67984	114	128
P67984	114	128
P67984	114	128
P67984	114	128
P67984	114	128
P67984	114	128
P67984	70	80
P67984	114	128
P67984	114	128
P67984	70	80
P67984	114	128
P67984	114	128
P67984	70	80
P67984	114	128
P67984	70	80
P67984	114	128
P67984	114	128
P67984	114	128
P67984	114	128
P67984	114	128
P67984	114	128
P67984	114	128
P67984	114	128
P67984	114	128
P67984	21	46
P67984	21	46
P67984	21	46
P67984	21	46
P67984	21	46
P67984	21	46
P67984	21	46
P67984	21	46
P67984	21	46
P67984	21	46
P67984	21	46
P67984	21	46
P67984	21	46
P67984	21	46
P67984	21	46
P67984	21	46
P67984	21	46
P67984	21	46
P67984	21	46
Q9D7S7	48	59
Q9D7S7	48	59
Q9D7S7	96	107
Q9D7S7	16	39
P62830	74	83
P62830	76	83
P62830	114	123
P62830	132	140
P62830	124	131
P62830	124	131
P62830	124	131
P62830	49	66
P62830	52	66
P62830	36	43
P62830	36	43
P62830	49	66
P62830	52	67
P62830	36	43
P62830	52	66
P62830	52	66
P62830	52	66
P62830	52	66
P62830	52	66
P62830	52	66
P62830	52	66
P62830	52	66
P62830	49	67
P62830	52	66
P62830	52	66
P62830	52	66
P62830	52	66
P62830	52	67
P62830	52	67
P62830	52	67
P62830	52	66
P62830	52	67
P62830	52	67
P62830	52	67
P62830	52	66
P62830	52	66
P62830	52	66
P62830	16	35
P62830	16	35
P62830	16	35
P62830	14	35
P62830	14	35
P62830	16	35
P62830	92	109
P62830	92	109
P62830	92	113
P62830	92	109
P62830	92	109
P62830	92	109
P62830	92	109
P62751	7	14
P62751	8	18
P62751	68	78
P62751	124	134
P62751	69	78
P62751	69	78
P62751	69	78
P62751	71	78
P62751	71	78
P62751	79	88
P62751	115	123
P62751	79	88
P62751	79	88
P62751	79	88
P62751	79	88
P62751	79	88
P62751	79	88
P62751	79	88
P62751	79	88
P62751	116	123
P62751	79	88
P62751	116	123
P62751	79	88
P62751	79	88
P62751	140	152
P62751	140	152
P62751	140	152
P62751	140	152
P62751	140	152
P62751	140	152
P62751	116	134
P62751	71	88
P62751	71	88
P62751	90	103
P62751	90	103
P62751	90	103
P62751	90	103
P62751	90	103
P62751	90	103
P62751	90	103
P62751	90	103
P62751	90	103
P62751	90	103
P62751	90	103
P62751	90	103
P62751	140	156
P62751	140	156
P62751	90	103
P62751	89	103
P62751	90	103
P62751	90	103
P62751	90	103
P62751	90	103
P62751	90	103
P62751	90	103
P62751	90	103
P62751	90	103
P62751	90	103
P62751	90	103
P62751	90	103
P62751	90	103
P62751	90	103
P62751	89	103
P62751	90	103
P62751	90	103
P62751	90	103
P62751	90	103
Q8BP67	125	131
Q8BP67	13	19
Q8BP67	95	101
Q8BP67	62	69
Q8BP67	61	69
Q8BP67	124	131
Q8BP67	36	43
Q8BP67	1	12
Q8BP67	3	12
Q8BP67	81	93
Q8BP67	1	12
Q8BP67	1	12
Q8BP67	1	12
Q8BP67	81	93
Q8BP67	1	12
Q8BP67	1	12
Q8BP67	81	93
Q8BP67	1	12
Q8BP67	81	93
Q8BP67	81	93
Q8BP67	1	12
Q8BP67	81	93
Q8BP67	81	94
Q8BP67	81	94
Q8BP67	48	56
Q8BP67	48	56
Q8BP67	48	56
Q8BP67	48	56
Q8BP67	81	93
Q8BP67	28	35
Q8BP67	81	93
Q8BP67	28	35
Q8BP67	81	93
Q8BP67	81	93
Q8BP67	28	35
Q8BP67	81	93
Q8BP67	28	35
P61255	18	26
P61255	52	59
P61255	51	59
P61255	90	103
P61255	135	142
P61255	46	59
P61255	46	59
P61255	46	59
P61255	29	36
P61255	64	75
P61255	28	36
P61255	77	84
P61255	78	84
P61255	29	36
P61358	74	84
P61358	52	59
P61358	74	84
P61358	74	84
P61358	74	84
P61358	28	48
P61358	74	84
P61358	74	84
P61358	74	84
P61358	28	48
P61358	28	51
P61358	99	107
P61358	94	107
P61358	127	133
P61358	10	17
P61358	10	17
P61358	10	17
P61358	85	93
P61358	85	93
P61358	85	93
P61358	85	93
P61358	85	98
P61358	85	98
P14115	48	55
P14115	65	77
P14115	65	77
P14115	65	77
P14115	93	105
P14115	66	77
P14115	66	77
P14115	66	77
P14115	139	148
P14115	43	55
P14115	43	55
P14115	137	148
P14115	95	105
P14115	95	105
P14115	78	87
P14115	78	87
P14115	66	87
P14115	66	87
P14115	66	87
P14115	66	87
P41105	72	79
P41105	40	46
P41105	88	94
P41105	21	33
P41105	120	127
P41105	23	33
P41105	48	58
P41105	48	58
P41105	59	65
P41105	59	65
P41105	12	19
P41105	48	65
P47915	57	63
P47915	152	158
P47915	135	145
P47915	152	160
P47915	94	101
P27659	162	169
P27659	59	66
P27659	51	58
P27659	162	169
P27659	162	169
P27659	335	341
P27659	155	161
P27659	11	19
P27659	301	312
P27659	301	312
P27659	104	116
P27659	250	261
P27659	11	19
P27659	262	268
P27659	251	261
P27659	177	193
P27659	104	115
P27659	367	373
P27659	178	193
P27659	178	193
P27659	350	356
P27659	178	193
P27659	178	193
P27659	386	394
P27659	177	193
P27659	177	193
P27659	145	154
P27659	386	393
P27659	387	394
P27659	287	297
P27659	178	193
P27659	178	193
P27659	387	393
P27659	287	294
P27659	178	193
P27659	35	50
P27659	199	224
P27659	199	224
P27659	199	224
P27659	199	224
P27659	199	224
P27659	199	224
P27659	199	224
P27659	199	224
P27659	199	224
P27659	201	224
P27659	201	224
P27659	201	224
P27659	201	224
P27659	201	224
P27659	201	224
P27659	201	224
P27659	199	224
P27659	201	224
P27659	201	224
P27659	201	224
P27659	201	224
P27659	201	224
P27659	201	224
P27659	201	224
P27659	201	224
P27659	201	224
P27659	201	224
P27659	199	224
P27659	201	224
P27659	201	226
P27659	201	224
P27659	201	224
P27659	201	224
P27659	201	224
P27659	201	224
P27659	201	224
P27659	201	224
P27659	201	224
P27659	201	224
P27659	313	334
P27659	201	224
P27659	201	224
P27659	313	334
P27659	313	334
P27659	201	224
P27659	201	224
P27659	201	224
P27659	201	224
P27659	201	224
P27659	313	334
P27659	313	334
P27659	201	224
P27659	201	224
P27659	201	224
P27659	313	334
P27659	201	224
P27659	313	334
P27659	201	224
P27659	201	224
P27659	313	334
P27659	201	224
P27659	313	334
P27659	201	224
P27659	201	224
P27659	313	334
P27659	201	224
P27659	301	334
P27659	313	334
P27659	313	334
P27659	201	224
P27659	313	334
P27659	201	224
P62889	107	115
P62889	10	17
P62889	69	87
P62889	9	17
P62889	69	87
P62889	69	87
P62889	43	56
P62889	45	57
P62889	57	68
P62889	57	68
P62889	57	68
P62889	57	68
P62889	45	56
P62889	58	68
P62889	45	56
P62889	57	68
P62889	58	68
P62889	58	68
P62889	57	68
P62889	57	68
P62889	57	68
P62889	58	68
P62889	58	68
P62889	91	106
P62889	91	106
P62889	91	106
P62889	91	106
P62889	91	106
P62900	92	101
P62900	93	101
P62900	93	101
P62900	56	63
P62900	15	23
P62900	33	39
P62900	116	125
P62900	24	31
P62900	92	115
P62900	92	115
P62900	93	115
P62900	93	115
P62900	93	115
P62900	93	115
P62900	102	115
P62900	102	115
P62900	102	115
P62900	102	115
P62900	102	115
P62900	102	115
P62900	102	115
P62900	102	115
P62900	102	115
P62900	102	115
P62900	102	115
P62911	122	128
P62911	66	75
P62911	94	106
P62911	94	106
P62911	68	75
P62911	94	106
P62911	115	128
P62911	51	65
P62911	51	64
P62911	51	64
P62911	51	64
P62911	51	64
P62911	49	65
P62911	49	65
P62911	51	65
P62911	51	65
P62911	49	64
P62911	49	65
P62911	49	65
P62911	51	64
P62911	84	93
P62911	84	93
P62911	84	93
P62911	84	93
P62911	49	64
P62911	49	64
P62911	49	64
P62911	49	64
P62911	84	93
P62911	84	93
P62911	84	93
P62911	84	93
P62911	84	93
P62911	84	93
Q9D1R9	44	52
Q9D1R9	77	85
Q9D1R9	10	19
Q9D1R9	77	85
Q9D1R9	11	19
Q9D1R9	93	101
Q9D1R9	93	101
Q9D1R9	94	101
Q9D1R9	94	101
Q9D1R9	30	36
Q9D1R9	30	36
Q6ZWV7	36	43
Q6ZWV7	57	71
Q6ZWV7	57	70
Q6ZWV7	57	66
Q6ZWV7	20	32
Q6ZWV7	20	32
Q6ZWV7	20	32
O55142	55	66
O55142	23	29
O55142	37	46
O55142	9	15
O55142	37	45
O55142	30	45
P47964	56	62
P47964	46	55
P47964	46	55
P47964	5	13
P47964	5	13
P47964	5	13
Q6ZWZ4	87	98
Q6ZWZ4	86	98
Q6ZWZ4	88	98
Q6ZWZ4	87	98
Q6ZWZ4	87	98
Q6ZWZ4	88	98
P83882	31	38
P83882	70	78
P83882	29	38
P83882	88	97
P83882	44	57
P83882	90	97
P83882	45	57
Q9D823	88	97
Q9D823	88	97
Q9D823	4	10
P61514	28	36
P61514	7	13
P61514	51	62
P61514	37	44
P61514	51	62
P61514	63	80
P61514	63	80
P61514	63	80
P61514	63	80
P61514	63	80
P61514	63	80
P61514	63	80
P61514	63	80
P61514	63	80
P61514	63	80
P61514	63	80
P61514	63	80
P61514	63	80
P61514	63	80
P61514	63	80
P61514	63	80
P61514	63	80
P61514	63	80
P61514	63	80
P61514	63	80
P61514	63	80
P61514	63	80
P61514	63	80
P61514	63	80
P61514	63	80
P61514	63	80
P61514	63	80
Q9JJI8	10	16
Q9JJI8	58	67
Q9JJI8	58	67
Q9JJI8	58	67
Q9JJI8	56	67
Q9JJI8	56	67
Q9JJI8	56	67
Q9JJI8	56	67
Q9JJI8	41	52
Q9JJI8	41	52
Q9JJI8	41	50
Q9JJI8	4	16
Q9JJI8	5	16
Q9JJI8	5	16
Q9JJI8	5	16
Q9JJI8	5	16
Q9JJI8	4	16
Q9JJI8	4	16
P62892	17	28
P62892	17	28
P62892	19	28
P62892	19	28
Q9CQD0	19	30
Q9D8E6	114	120
Q9D8E6	87	97
Q9D8E6	240	248
Q9D8E6	87	97
Q9D8E6	87	97
Q9D8E6	87	97
Q9D8E6	284	291
Q9D8E6	275	283
Q9D8E6	164	172
Q9D8E6	166	173
Q9D8E6	174	182
Q9D8E6	166	172
Q9D8E6	50	71
Q9D8E6	205	219
Q9D8E6	174	181
Q9D8E6	353	364
Q9D8E6	353	364
Q9D8E6	259	268
Q9D8E6	353	364
Q9D8E6	259	268
Q9D8E6	259	268
Q9D8E6	30	46
Q9D8E6	30	46
Q9D8E6	354	364
Q9D8E6	354	364
Q9D8E6	30	45
Q9D8E6	30	45
Q9D8E6	206	219
Q9D8E6	206	219
Q9D8E6	206	219
Q9D8E6	30	45
Q9D8E6	206	219
Q9D8E6	324	333
Q9D8E6	206	219
Q9D8E6	260	268
Q9D8E6	21	29
Q9D8E6	21	29
Q9D8E6	21	29
Q9D8E6	21	29
Q9D8E6	249	258
Q9D8E6	249	258
Q9D8E6	249	258
Q9D8E6	249	258
Q9D8E6	249	258
Q9D8E6	249	258
Q9D8E6	223	234
Q9D8E6	223	234
Q9D8E6	249	258
Q9D8E6	249	258
Q9D8E6	223	234
Q9D8E6	223	234
Q9D8E6	223	234
Q9D8E6	121	140
Q9D8E6	121	140
Q9D8E6	223	234
Q9D8E6	121	140
Q9D8E6	223	234
Q9D8E6	223	234
Q9D8E6	249	258
Q9D8E6	144	157
Q9D8E6	144	157
Q9D8E6	144	157
Q9D8E6	144	157
Q9D8E6	121	140
Q9D8E6	121	140
Q9D8E6	121	140
Q9D8E6	144	163
Q9D8E6	144	163
Q9D8E6	144	163
Q9D8E6	144	163
Q9D8E6	144	163
Q9D8E6	144	163
Q9D8E6	144	163
Q9D8E6	144	163
Q9D8E6	144	163
Q9D8E6	122	140
Q9D8E6	122	140
Q9D8E6	122	140
Q9D8E6	122	140
Q9D8E6	122	140
Q9D8E6	122	140
Q9D8E6	122	140
Q9D8E6	122	140
Q9D8E6	122	140
Q9D8E6	144	162
Q9D8E6	122	140
Q9D8E6	122	140
Q9D8E6	122	140
Q9D8E6	144	162
Q9D8E6	122	140
Q9D8E6	144	162
Q9D8E6	144	162
Q9D8E6	122	140
Q9D8E6	122	140
Q9D8E6	144	162
Q9D8E6	144	162
Q9D8E6	122	140
Q9D8E6	144	162
Q9D8E6	122	140
Q9D8E6	144	162
Q9D8E6	122	140
Q9D8E6	122	140
Q9D8E6	144	162
Q9D8E6	144	162
Q9D8E6	122	140
Q9D8E6	122	140
Q9D8E6	122	140
Q9D8E6	144	162
Q9D8E6	144	157
Q9D8E6	144	162
Q9D8E6	122	140
Q9D8E6	223	239
Q9D8E6	223	239
Q9D8E6	122	140
Q9D8E6	122	140
Q9D8E6	223	234
Q9D8E6	122	140
Q9D8E6	122	140
Q9D8E6	122	140
Q9D8E6	122	140
Q9D8E6	122	140
Q9D8E6	122	140
Q9D8E6	122	140
Q9D8E6	122	140
Q9D8E6	122	140
Q9D8E6	122	140
Q9D8E6	122	140
Q9D8E6	122	140
Q9D8E6	122	140
Q9D8E6	122	140
Q9D8E6	122	140
Q9D8E6	122	140
Q9D8E6	122	140
Q9D8E6	122	140
Q9D8E6	122	140
Q9D8E6	122	140
Q9D8E6	144	163
Q9D8E6	122	140
Q9D8E6	122	140
Q9D8E6	122	140
Q9D8E6	223	234
P47962	189	196
P47962	42	48
P47962	189	197
P47962	198	209
P47962	198	209
P47962	198	209
P47962	198	209
P47962	197	209
P47962	197	209
P47962	198	209
P47962	198	209
P47962	198	209
P47962	198	209
P47962	198	209
P47962	198	209
P47962	198	209
P47962	198	209
P47962	198	209
P47962	197	209
P47962	198	209
P47962	198	209
P47962	229	242
P47962	229	241
P47962	229	241
P47962	229	241
P47962	198	209
P47962	179	188
P47962	198	209
P47962	35	41
P47962	197	209
P47962	198	209
P47962	198	209
P47962	229	242
P47962	198	209
P47962	198	209
P47962	229	241
P47962	229	241
P47962	197	209
P47962	197	209
P47962	229	241
P47962	229	241
P47962	165	178
P47962	229	242
P47962	229	242
P47962	229	242
P47962	210	221
P47962	180	188
P47962	198	209
P47962	229	241
P47962	229	241
P47962	229	241
P47962	210	220
P47962	210	220
P47962	210	221
P47962	229	242
P47962	229	242
P47962	222	228
P47962	210	221
P47962	210	221
P47962	229	241
P47962	229	242
P47962	210	221
P47962	210	221
P47962	229	241
P47962	229	241
P47962	229	241
P47962	55	68
P47962	55	68
P47962	229	241
P47962	210	220
P47962	210	220
P47962	59	68
P47962	59	68
P47962	229	242
P47962	229	242
P47962	229	241
P47962	69	85
P47962	69	85
P47962	69	85
P47962	69	85
P47962	69	85
P47962	69	85
P47962	69	85
P47962	69	85
P47962	69	85
P47962	69	85
P47962	69	85
P47962	69	85
P47962	69	85
P47962	69	85
P47962	69	85
P47962	69	85
P47962	69	85
P47962	69	85
P47962	69	85
P47962	69	85
P47962	69	85
P47962	69	85
P47962	69	85
P47962	69	85
P47962	69	85
P47962	69	85
P47962	69	85
P47962	69	85
P47962	69	85
P47962	69	85
P47962	69	85
P47962	90	107
P47962	90	107
P47962	90	107
P47962	90	107
P47962	90	107
P47962	90	107
P47962	90	107
P47962	90	107
P47962	90	107
P47962	90	107
P47962	90	107
P47962	90	107
P47962	90	107
P47962	90	107
P47962	90	107
P47962	90	107
P47962	90	107
P47962	90	107
P47962	90	107
P47962	90	107
P47962	90	107
P47962	69	85
P47962	90	107
P47962	90	107
P47962	90	107
P47962	69	85
P47962	90	107
P47962	69	85
P47962	90	107
P47962	118	152
P47962	118	152
P47962	118	152
P47962	118	152
P47962	118	152
P47962	90	107
P47962	118	152
P47962	118	152
P47962	118	152
P47962	118	152
P47962	118	152
P47962	118	152
P47962	118	152
P47962	118	152
P47962	118	152
P47962	118	152
P47962	118	152
P47962	118	152
P47962	118	152
P47962	118	152
P47962	118	152
P47962	118	152
P47962	118	152
P47962	118	152
P47962	118	152
P47962	118	152
P47962	118	152
P47962	90	107
P47962	118	152
P47962	90	107
P47962	118	152
P47962	118	152
P47911	18	29
P47911	132	138
P47911	248	254
P47911	219	226
P47911	235	247
P47911	123	131
P47911	123	131
P47911	281	293
P47911	94	102
P47911	219	226
P47911	94	102
P47911	219	226
P47911	281	293
P47911	281	293
P47911	209	215
P47911	235	254
P47911	201	208
P47911	281	293
P47911	271	280
P47911	271	280
P47911	209	218
P47911	260	268
P47911	260	268
P47911	260	268
P47911	260	268
P47911	260	268
P47911	260	270
P47911	175	196
P47911	175	191
P47911	175	191
P47911	175	191
P47911	175	191
P47911	175	191
P47911	175	191
P47911	175	191
P47911	175	191
P47911	175	191
P47911	175	191
P47911	175	195
P47911	175	191
P47911	150	164
P47911	150	164
P47911	150	164
P47911	150	164
P47911	175	191
P47911	150	164
P47911	175	191
P47911	150	164
P47911	175	191
P47911	150	164
P47911	150	164
P47911	175	191
P47911	175	191
P47911	150	164
P47911	175	191
P47911	175	191
P47911	150	164
P47911	150	164
P14148	246	258
P14148	246	264
P14148	246	264
P14148	246	264
P14148	246	264
P14148	245	264
P14148	245	264
P14148	245	264
P14148	150	156
P14148	21	27
P14148	150	156
P14148	10	19
P14148	11	20
P14148	171	179
P14148	31	41
P14148	32	42
P14148	99	110
P14148	188	199
P14148	11	19
P14148	32	41
P14148	33	42
P14148	100	110
P14148	171	178
P14148	33	41
P14148	33	41
P14148	189	199
P14148	189	199
P14148	189	199
P14148	138	146
P14148	189	199
P14148	138	146
P14148	189	199
P14148	189	199
P14148	189	199
P14148	136	146
P14148	136	146
P14148	138	149
P14148	225	234
P14148	225	234
P14148	225	234
P14148	223	234
P14148	225	234
P14148	223	234
P14148	223	234
P14148	225	234
P14148	225	234
P14148	223	234
P14148	223	234
P14148	223	234
P14148	225	234
P14148	157	170
P14148	223	234
P14148	157	170
P14148	157	170
P14148	157	170
P14148	223	234
P14148	157	170
P14148	157	170
P14148	157	170
P14148	223	234
P14148	157	170
P14148	157	170
P14148	157	170
P14148	223	234
P14148	223	234
P14148	157	170
P14148	223	234
P14148	223	234
P14148	223	234
P14148	157	170
P14148	157	170
P14148	204	221
P14148	204	221
P14148	204	221
P14148	204	221
P14148	204	221
P14148	204	221
P14148	204	221
P14148	204	221
P14148	204	221
P14148	204	221
P14148	204	221
P12970	224	235
P12970	224	234
P12970	224	234
P12970	224	234
P12970	11	20
P12970	236	245
P12970	90	97
P12970	12	20
P12970	12	20
P12970	197	212
P12970	198	212
P12970	198	212
P12970	198	212
P12970	197	217
P12970	26	34
P12970	26	34
P12970	38	48
P12970	38	48
P12970	38	48
P12970	198	217
P12970	198	217
P12970	198	217
P12970	198	217
P12970	198	217
P12970	198	217
P12970	177	185
P12970	176	185
P12970	138	151
P12970	138	151
P12970	138	151
P12970	138	151
P12970	138	151
P12970	138	151
P12970	177	187
P12970	138	150
P12970	27	34
P12970	177	185
P12970	177	185
P12970	76	89
P12970	76	89
P12970	76	89
P12970	76	89
P12970	76	89
P12970	76	89
P12970	74	89
P12970	74	89
P12970	74	89
P12970	74	89
P12970	74	89
P12970	74	89
P12970	74	89
P12970	74	89
P12970	74	89
P12970	74	89
P12970	74	89
Q9D8M4	114	122
Q9D8M4	78	92
Q9D8M4	9	19
Q9D8M4	115	122
Q9D8M4	10	19
P62918	157	163
P62918	156	163
P62918	47	54
P62918	11	17
P62918	129	144
P62918	31	37
P62918	164	174
P62918	129	145
P62918	129	145
P62918	129	144
P62918	61	68
P62918	129	144
P62918	235	241
P62918	29	37
P62918	43	54
P62918	175	181
P62918	164	181
P62918	73	92
P62918	73	92
P62918	73	92
P62918	73	92
P62918	73	92
P62918	73	92
P62918	73	92
P62918	73	92
P62918	73	92
P62918	73	92
P62918	73	92
P62918	93	123
P62918	93	123
P62918	93	123
P62918	73	92
P62918	73	92
P62918	93	123
P62918	93	123
P62918	93	123
P62918	73	92
P62918	73	92
P62918	93	123
P62918	93	123
P62918	94	123
P62918	94	123
P62918	94	123
P62918	94	123
P62918	94	123
P62918	94	123
P62918	73	92
P62918	73	92
P62918	94	123
P62918	94	123
P62918	94	123
P62918	73	92
P62918	94	123
P62918	73	92
P62918	73	92
P62918	73	92
P62918	94	123
P62918	94	123
P62918	94	123
P62918	94	123
P62918	94	123
P62918	94	123
P62918	94	123
P62918	94	123
P62918	94	123
P62918	94	123
P62918	94	123
P62918	94	123
P62918	94	123
P62918	94	123
P62918	94	123
P62918	73	92
P62918	94	123
P62918	73	92
P62918	73	92
P62918	73	92
P62918	73	92
P62918	73	92
P62918	73	92
P62918	73	92
P62918	73	92
P62918	73	92
P62918	73	92
P62918	73	92
P62918	73	92
P51410	185	192
P51410	130	141
P51410	72	82
P51410	72	82
P51410	72	82
P51410	72	82
P51410	116	124
P51410	174	184
P51410	175	184
P51410	175	184
P51410	175	184
P51410	1	21
P51410	1	21
P51410	1	21
P51410	37	50
P51410	37	50
P51410	37	50
P51410	3	23
P51410	3	23
P51410	37	50
P51410	1	21
P51410	3	21
P51410	3	21
P51410	3	21
P51410	3	21
P51410	3	21
P51410	3	21
P51410	3	21
P51410	3	21
P51410	3	21
P51410	3	21
P51410	3	21
P51410	3	21
P51410	3	21
P51410	3	21
P51410	3	21
P51410	3	21
P51410	3	21
P51410	3	21
P51410	142	168
P51410	142	168
P51410	130	168
P51410	142	168
P51410	130	168
P51410	130	168
P51410	3	21
P51410	130	168
P51410	130	168
P14869	67	77
P14869	93	99
P14869	100	106
P14869	51	57
P14869	100	112
P14869	27	38
P14869	27	38
P14869	27	38
P14869	84	92
P14869	84	92
P14869	84	92
P14869	84	92
P14869	113	134
P14869	113	134
P14869	113	134
P14869	113	134
P14869	113	134
P14869	113	134
P14869	113	134
P14869	113	134
P14869	298	317
P14869	298	317
P14869	298	317
P14869	298	317
P14869	298	317
P14869	298	317
P14869	298	317
P14869	298	317
P14869	298	317
P14869	298	317
P14869	93	106
P14869	93	106
P14869	84	99
P14869	84	99
P14869	84	99
P14869	298	317
P14869	298	317
P14869	298	317
P14869	298	317
P14869	298	317
P14869	298	317
P14869	298	317
P14869	93	112
P14869	113	134
P14869	93	106
P14869	267	301
P14869	17	26
P14869	17	26
P14869	221	246
P14869	221	246
P14869	135	146
P14869	221	246
P14869	221	246
P14869	135	146
P14869	221	246
P14869	17	26
P14869	221	246
P14869	221	246
P14869	135	146
P14869	221	246
P14869	135	146
P14869	17	26
P14869	267	297
P14869	267	297
P14869	221	246
P14869	267	297
P14869	267	297
P14869	27	38
P14869	135	146
P14869	150	162
P14869	150	162
P14869	150	162
P14869	267	297
P14869	150	162
P14869	150	162
P14869	150	162
P14869	150	162
P14869	150	162
P14869	150	162
P14869	150	162
P14869	150	162
P14869	150	162
P14869	150	162
P14869	267	297
P14869	150	162
P14869	150	162
P14869	150	162
P14869	150	162
P14869	150	162
P14869	150	162
P14869	150	162
P14869	150	162
P14869	150	162
P14869	150	162
P14869	150	162
P14869	150	162
P14869	150	162
P14869	150	162
P14869	150	162
P14869	150	162
P14869	150	162
P14869	150	162
P14869	150	162
P14869	150	162
P14869	150	162
P14869	150	162
P14869	150	162
P14869	84	106
P14869	150	162
P14869	150	162
P14869	150	162
P14869	150	162
P14869	150	162
P14869	150	162
P14869	150	162
P14869	150	162
P14869	150	162
P14869	150	162
P14869	150	162
P14869	135	146
P14869	150	162
P14869	17	26
P14869	150	162
P14869	150	162
P47955	98	114
P47955	98	114
P47955	98	114
P47955	98	114
P47955	98	114
P47955	98	114
P47955	98	114
P47955	98	114
P47955	98	114
P47955	98	114
P47955	98	114
P47955	98	114
P47955	98	114
P47955	50	93
P47955	50	92
P47955	50	92
P47955	34	49
P47955	34	49
P47955	34	49
P47955	34	49
P47955	34	49
P47955	34	49
P47955	34	49
P47955	34	49
P47955	34	49
P47955	34	49
P47955	34	49
P47955	34	49
P47955	34	49
P47955	34	49
P47955	34	49
P47955	34	49
P47955	34	49
P47955	34	49
P47955	34	49
P47955	34	49
P47955	34	49
P47955	34	49
P47955	34	49
P47955	34	49
P47955	34	49
P99027	25	38
P99027	25	41
P99027	62	98
P99027	62	98
P99027	25	41
P99027	62	95
P99027	62	95
P99027	62	95
P99027	26	38
P99027	26	38
P99027	26	38
P99027	26	38
P99027	26	41
P99027	62	94
P99027	62	94
P99027	26	41
P99027	26	41
P99027	62	94
P99027	26	41
P99027	62	94
P99027	62	94
P99027	62	94
P99027	26	41
P99027	99	115
P99027	99	115
P99027	50	61
P99027	50	61
P99027	50	61
P99027	50	61
P99027	100	115
P99027	99	115
P99027	99	115
P99027	99	115
P99027	99	115
P99027	99	115
P99027	1	21
P99027	1	21
P99027	99	115
P99027	100	115
P99027	42	61
P99027	3	21
P99027	3	21
P99027	3	21
P99027	3	21
P99027	3	21
P99027	50	61
P99027	26	49
P99027	3	21
P99027	3	21
P99027	3	21
P99027	3	21
P99027	3	21
P99027	3	21
P99027	50	61
P99027	3	21
P99027	3	21
P99027	3	21
P99027	3	21
P99027	3	21
P99027	3	21
P99027	50	61
P99027	50	61
Q9CQH8	102	117
O88796	139	148
O88796	184	198
O88796	236	246
O88796	236	246
O88796	149	161
O88796	168	181
O88796	99	108
O88796	47	67
O88796	47	67
O88796	47	67
O88796	199	218
A2AJG0	171	178
Q80UU2	150	162
Q80UU2	242	257
Q80UU2	195	206
Q80UU2	183	194
Q8R1F9	216	223
Q8R1F9	42	54
P63325	130	138
P63325	130	139
P63325	18	24
P63325	139	153
P63325	139	153
P63325	139	153
P63325	139	153
P63325	32	47
P63325	39	47
P63325	140	153
P63325	140	153
P63325	139	153
P63325	140	153
P63325	140	153
P63325	140	153
P63325	140	153
P63325	140	153
P63325	32	47
P63325	32	47
P63325	140	153
P63325	140	153
P63325	81	95
P63325	81	95
P63325	81	95
P63325	81	95
P63325	81	95
P63325	81	95
P63325	81	95
P63325	9	17
P63325	9	17
P63325	9	17
P62281	90	97
P62281	59	69
P62281	91	97
P62281	23	32
P62281	60	69
P62281	49	59
P62281	23	30
P62281	49	58
P62281	39	45
P62281	39	45
P62281	140	147
P62281	72	79
P62281	119	136
P62281	119	136
P62281	119	136
P62281	119	136
P62281	119	136
P62281	119	136
P62281	119	136
P63323	24	33
P63323	24	33
P63323	102	112
P63323	103	112
P63323	46	63
P63323	46	63
P63323	46	63
P63323	46	63
P63323	46	63
P63323	46	63
P63323	46	63
P63323	46	63
P63323	84	93
P63323	122	129
P63323	85	93
P63323	85	93
Q6ZWZ6	64	78
Q6ZWZ6	64	78
Q6ZWZ6	64	78
Q6ZWZ6	64	78
Q6ZWZ6	64	78
Q6ZWZ6	64	78
Q6ZWZ6	64	78
Q6ZWZ6	64	78
Q6ZWZ6	64	78
Q6ZWZ6	64	78
Q6ZWZ6	64	78
Q6ZWZ6	64	78
P62301	56	64
P62301	10	20
P62301	28	34
P62301	28	34
P62301	10	19
P62301	133	140
P62301	20	27
P62301	141	151
P62301	141	151
P62301	28	39
P62301	28	39
P62301	28	39
P62301	115	121
P62301	21	27
P62301	134	140
P62301	134	140
P62301	134	140
P62301	134	140
P62301	134	140
P62301	43	55
P62301	43	55
P62301	43	55
P62301	134	140
P62301	43	55
P62301	43	55
P62301	44	55
P62301	44	55
P62301	44	55
P62301	44	55
P62301	44	55
P62301	44	55
P62301	44	55
P62301	134	151
P62301	77	93
P62301	79	94
P62301	79	93
P62301	79	93
P62301	79	93
P62301	79	93
P62301	79	93
P62301	79	93
P62301	79	93
P62301	79	93
P62301	79	93
P62301	79	93
P62301	79	93
P62301	79	94
P62301	79	93
P62264	105	117
P62264	64	84
P62264	64	84
P62264	64	84
P62264	64	84
P62264	107	121
P62264	62	84
P62264	62	84
P62264	129	142
P62264	67	84
P62264	67	84
P62264	129	141
P62264	126	141
P62264	85	96
P62264	62	84
P62264	64	84
P62264	64	84
P62264	87	96
P62264	87	96
P62264	67	84
P62843	66	77
P62843	82	100
P62843	82	100
P62843	82	100
P62843	82	100
P62843	82	100
P62843	82	100
P62843	82	100
P62843	82	100
P62843	82	100
P62843	82	100
P62843	82	100
P62843	82	100
P62843	82	100
P62843	82	100
P62843	82	100
P62843	82	100
P62843	82	100
P62843	82	100
P62843	82	100
P62843	82	100
P62843	82	100
P62843	82	100
P62843	82	100
P62843	82	100
P62843	82	100
P62843	82	100
P62843	82	100
P62843	82	100
P62843	82	100
P62843	82	100
P62843	82	100
P62843	82	100
P62843	82	100
P62843	82	100
P62843	82	100
P62843	82	100
P62843	82	100
P62843	82	100
P62843	82	100
P62843	82	100
P62843	82	100
P62843	19	40
P62843	19	40
P62843	19	40
P62843	19	40
P62843	19	40
P62245	13	19
P62245	72	78
P62245	24	32
P62245	44	57
P62245	44	57
P62245	61	68
P62245	44	57
P62245	89	97
P62245	85	97
P62245	37	43
P62245	37	43
P62245	37	43
P62245	79	88
P62245	37	43
P62245	4	12
P62245	4	12
P62245	4	12
P62245	4	12
P62245	4	12
P62245	4	12
P62245	37	43
P62245	37	43
P62245	37	43
P62245	37	43
P62245	37	43
P62245	98	117
P62245	98	117
P62245	98	117
P62245	98	117
P62245	98	117
P62245	98	117
P62245	98	117
P62245	79	97
P62245	98	117
P62245	79	97
P62245	98	117
P62245	98	117
P62245	98	117
P62245	98	117
P14131	18	26
P14131	99	105
P14131	99	106
P14131	74	85
P14131	34	45
P14131	72	85
P14131	34	45
P14131	34	45
P14131	63	71
P14131	91	98
P14131	110	117
P14131	5	15
P14131	5	15
P14131	107	117
P14131	51	62
P14131	51	60
P14131	51	60
P14131	51	60
P14131	51	60
P14131	51	60
P14131	51	60
P14131	51	60
P14131	51	60
P14131	46	60
P14131	46	60
P14131	51	60
P63276	24	32
P63276	33	45
P63276	50	59
P63276	50	59
P63276	33	44
P63276	48	59
P63276	34	45
P63276	34	45
P63276	50	59
P63276	50	59
P63276	50	59
P63276	34	44
P63276	81	103
P63276	81	103
P63276	81	107
P63276	81	103
P63276	81	103
P63276	81	107
P63276	81	107
P63276	81	107
P63276	81	107
P63276	82	107
P63276	82	107
P63276	82	107
P63276	82	107
P63276	82	107
P63276	82	103
P63276	82	103
P63276	82	103
P63276	82	103
P63276	82	103
P63276	82	103
P63276	82	103
P63276	82	103
P63276	82	103
P63276	82	103
P63276	82	103
P63276	82	107
P63276	82	107
P63276	82	107
P63276	82	107
P63276	108	129
P63276	82	107
P63276	82	107
P63276	82	107
P63276	82	107
P63276	82	107
P63276	108	129
P63276	82	107
P63276	108	129
P63276	82	107
P63276	108	129
P63276	82	107
P63276	108	129
P63276	82	107
P63276	82	107
P63276	108	129
P63276	82	107
P63276	82	107
P63276	108	129
P63276	82	107
P63276	108	129
P63276	108	129
P63276	108	129
P63276	108	129
P63276	108	129
P63276	108	129
P63276	108	129
P63276	108	129
P63276	108	129
P63276	108	129
P63276	108	129
P62270	39	46
P62270	55	66
P62270	40	46
P62270	15	24
P62270	56	66
P62270	15	23
P62270	48	54
P62270	67	75
P62270	95	106
P62270	25	34
P62270	25	34
P62270	25	34
P62270	25	34
P62270	25	34
P62270	25	34
P62270	26	38
P62270	79	86
P62270	26	34
P62270	26	34
P62270	56	75
Q9CZX8	123	129
Q9CZX8	68	77
Q9CZX8	68	77
Q9CZX8	8	16
Q9CZX8	134	144
Q9CZX8	134	143
Q9CZX8	42	56
Q9CZX8	17	24
Q9CZX8	102	111
Q9CZX8	102	111
Q9CZX8	30	38
Q9CZX8	30	38
Q9CZX8	30	38
Q9CZX8	17	23
Q9CZX8	17	23
Q9CZX8	28	38
Q9CZX8	28	38
Q9CZX8	44	56
Q9CZX8	103	111
Q9CZX8	103	111
P25444	188	194
P25444	285	293
P25444	280	293
P25444	201	211
P25444	228	238
P25444	239	246
P25444	153	159
P25444	160	166
P25444	55	65
P25444	213	227
P25444	212	227
P25444	212	227
P25444	55	65
P25444	213	227
P25444	213	227
P25444	212	227
P25444	213	227
P25444	213	227
P25444	59	65
P25444	264	275
P25444	264	275
P25444	264	275
P25444	212	227
P25444	213	227
P25444	213	227
P25444	213	227
P25444	247	257
P25444	212	227
P25444	213	227
P25444	212	227
P25444	126	142
P25444	212	227
P25444	126	142
P25444	212	227
P25444	126	142
P25444	126	142
P25444	212	227
P25444	212	227
P25444	126	142
P25444	126	142
P25444	126	142
P25444	213	227
P25444	212	227
P25444	126	142
P25444	213	227
P25444	126	142
P25444	126	142
P25444	212	227
P25444	213	227
P25444	126	142
P25444	126	142
P25444	126	142
P25444	126	142
P25444	126	142
P25444	126	142
P25444	126	142
P25444	126	142
P25444	126	142
P25444	126	142
P25444	126	142
P25444	126	142
P25444	126	142
P25444	126	142
P25444	126	142
P25444	213	227
P25444	126	142
P25444	247	257
P25444	126	142
P25444	126	142
P25444	213	227
P25444	247	257
P25444	247	257
P25444	247	257
P25444	213	227
P25444	213	227
P25444	213	227
P25444	247	257
P25444	213	227
P25444	126	142
P25444	247	257
P25444	213	227
P25444	213	227
P25444	126	142
P25444	126	142
P25444	213	227
P25444	213	227
P25444	247	257
P25444	126	142
P25444	213	227
P25444	213	227
P25444	126	142
P25444	126	142
P25444	213	227
P25444	126	142
P25444	126	142
P25444	126	142
P25444	126	142
P25444	126	142
P25444	126	142
P25444	126	142
P25444	126	142
P25444	126	142
P25444	126	142
P25444	126	142
P25444	126	142
P25444	126	142
P25444	247	263
P25444	126	142
P25444	126	142
P25444	126	142
P25444	126	142
P25444	126	142
P25444	126	142
P25444	126	142
P25444	126	142
P25444	126	142
P25444	126	142
P25444	126	142
P25444	77	89
P25444	77	89
P25444	77	89
P25444	77	89
P25444	90	103
P60867	67	75
P60867	9	19
P60867	5	19
P60867	88	99
P60867	88	99
P60867	88	99
P60867	100	119
P60867	100	119
P60867	100	119
P60867	100	119
P60867	100	119
P60867	100	119
Q9CQR2	28	41
Q9CQR2	28	41
Q9CQR2	62	71
Q9CQR2	61	71
Q9CQR2	28	41
Q9CQR2	75	81
Q9CQR2	28	41
Q9CQR2	52	60
Q9CQR2	52	60
Q9CQR2	62	71
Q9CQR2	62	71
P62267	109	119
P62267	108	119
P62267	38	48
P62267	29	37
P62267	30	37
P62267	49	60
P62267	125	138
P62267	125	137
P62267	125	135
P62267	125	135
P62267	125	135
P62267	125	135
P62267	125	135
P62267	125	135
P62267	81	107
P62267	81	107
P62267	81	107
P62267	81	107
P62849	62	68
P62849	123	129
P62849	21	32
P62849	21	32
P62849	22	32
P62849	22	32
P62849	22	32
P62849	21	32
P62849	22	32
P62849	69	84
P62849	69	83
P62849	69	83
P62849	69	83
P62849	69	83
P62849	69	83
P62849	69	83
P62849	69	83
P62849	69	84
P62849	69	84
P62849	69	84
P62849	69	83
P62849	69	83
P62849	69	83
P62849	69	83
P62849	69	83
P62849	69	83
P62849	69	83
P62849	69	83
P62849	69	83
P62849	69	83
P62849	50	61
P62849	50	61
P62849	50	61
P62849	50	61
P62849	50	61
P62849	50	61
P62849	50	61
P62849	50	61
P62849	50	61
P62852	115	125
P62852	105	111
P62852	67	76
P62852	67	76
P62852	67	76
P62852	40	52
P62852	42	52
P62852	86	94
P62852	86	94
P62852	44	52
P62852	44	52
P62852	44	52
P62852	86	98
P62855	101	115
P62855	101	115
P62855	43	51
P62855	71	82
P62855	101	115
P62855	101	115
P62855	52	66
P62855	52	66
P62855	52	66
P62855	52	66
P62855	52	66
P62855	52	66
P62855	52	66
P62855	52	66
P62855	52	66
P62855	52	66
P62855	52	66
P62855	52	66
P62855	52	66
P62855	52	66
P62855	52	66
P62855	52	66
P62855	52	66
P62855	52	66
P62855	52	66
P62855	52	66
P62855	52	66
P62855	52	66
P62855	52	66
Q6ZWU9	6	17
Q6ZWU9	73	80
Q6ZWU9	23	36
Q6ZWU9	23	36
Q6ZWU9	23	36
Q6ZWU9	24	36
Q6ZWU9	24	36
Q6ZWU9	24	36
Q6ZWU9	24	36
Q6ZWU9	24	36
Q6ZWU9	24	36
Q6ZWU9	24	36
P62983	119	138
P62983	119	138
P62983	120	138
P62983	119	138
P62983	120	138
P62983	120	138
P62983	120	138
P62983	120	138
P62983	144	156
P62983	97	104
Q6ZWY3	6	16
Q6ZWY3	6	16
P62858	21	31
P62858	32	40
P62858	32	40
P62858	32	40
P62858	45	63
P62858	52	63
P62858	52	63
P62274	13	19
P62274	34	40
P62274	34	40
P62274	49	56
P62908	117	124
P62908	118	124
P62908	133	141
P62908	55	62
P62908	202	214
P62908	228	243
P62908	228	243
P62908	228	243
P62908	228	243
P62908	228	243
P62908	228	243
P62908	28	40
P62908	28	40
P62908	28	40
P62908	28	40
P62908	28	40
P62908	28	40
P62908	28	40
P62908	68	75
P62908	28	40
P62908	202	214
P62908	28	40
P62908	125	132
P62908	28	40
P62908	28	40
P62908	28	40
P62908	28	40
P62908	66	75
P62908	28	40
P62908	228	243
P62908	228	243
P62908	228	243
P62908	95	106
P62908	109	116
P62908	28	40
P62908	95	106
P62908	107	116
P62908	95	106
P62908	95	106
P62908	28	40
P62908	41	54
P62908	19	27
P62908	19	27
P62908	10	18
P62908	10	18
P62908	215	227
P62908	10	18
P62908	215	227
P62908	215	227
P62908	28	40
P62908	28	40
P62908	76	90
P62908	76	90
P62908	76	90
P62908	11	18
P62908	76	90
P62908	11	18
P62908	11	18
P62908	202	227
P62908	186	197
P62908	188	197
P62908	188	197
P62908	188	197
P62908	152	173
P62908	188	197
P62908	152	173
P62908	152	173
P62908	152	173
P62908	188	197
P62908	186	197
P62908	188	197
P62908	152	173
P62908	152	173
P62908	152	173
P62908	188	197
P62908	77	90
P62908	188	197
P62908	77	90
P62908	152	173
P62908	77	90
P62908	77	90
P62908	152	173
P62908	77	90
P62908	77	90
P62908	152	173
P62908	188	197
P62908	77	90
P62908	77	90
P62908	152	173
P62908	188	197
P62908	77	94
P62908	77	94
P62908	77	90
P62908	77	90
P62908	188	201
P62908	77	94
P62908	188	197
P62908	188	197
P62908	152	173
P62908	152	173
P62908	152	173
P62908	152	173
P62908	188	197
P62908	152	173
P62908	77	90
P62908	152	173
P62908	152	173
P62908	152	173
P62908	152	173
P62908	152	173
P62908	152	173
P62908	77	90
P62908	77	90
P62908	77	90
P97351	168	174
P97351	152	162
P97351	241	249
P97351	168	174
P97351	168	174
P97351	168	174
P97351	95	107
P97351	57	63
P97351	129	136
P97351	129	136
P97351	95	107
P97351	95	107
P97351	167	174
P97351	28	34
P97351	86	94
P97351	200	213
P97351	168	174
P97351	116	128
P97351	95	107
P97351	253	264
P97351	253	264
P97351	253	264
P97351	175	187
P97351	175	187
P97351	175	187
P97351	253	264
P97351	117	128
P97351	117	128
P97351	200	214
P97351	21	27
P97351	117	128
P97351	188	195
P97351	200	213
P97351	200	213
P97351	84	94
P97351	188	199
P97351	137	145
P97351	117	128
P97351	188	199
P97351	188	199
P97351	188	199
P97351	188	199
P97351	117	128
P97351	117	128
P97351	117	128
P97351	117	128
P97351	117	128
P97351	137	144
P97351	137	144
P97351	137	144
P97351	137	144
P97351	137	144
P97351	66	83
P97351	66	83
P97351	66	83
P97351	66	83
P97351	66	83
P97351	66	83
P97351	66	83
P97351	66	83
P97351	66	83
P97351	66	83
P97351	66	83
P97351	66	83
P97351	66	83
P97351	66	83
P97351	66	83
P97351	66	82
P97351	66	83
P97351	66	83
P97351	66	82
P97351	66	82
P97351	66	83
P97351	66	82
P97351	66	83
P97351	66	82
P97351	66	82
P97351	66	82
P97351	66	82
P97351	66	83
P97351	66	82
P97351	66	83
P97351	66	83
P97351	66	82
P97351	66	82
P97351	66	83
P97351	66	82
P97351	66	82
P97351	66	82
P97351	66	83
P97351	66	82
P97351	66	82
P97351	66	83
P97351	66	83
P97351	66	82
P97351	66	83
P97351	66	83
P97351	66	82
P97351	66	83
P97351	66	82
P97351	66	83
P97351	66	82
P97351	66	82
P97351	66	83
P97351	66	82
P97351	66	83
P97351	66	82
P97351	66	82
P97351	66	82
P97351	66	82
P97351	66	83
P97351	66	82
P97351	66	82
P97351	66	82
P97351	66	83
P97351	66	82
P97351	66	82
P97351	66	82
P97351	66	83
P97351	66	82
P97351	66	82
P97351	66	83
P97351	66	82
P97351	66	83
P97351	66	82
P97351	66	83
P97351	66	83
P97351	66	82
P97351	66	82
P97351	66	83
P97351	66	82
P97351	66	82
P97351	66	83
P97351	66	82
P97351	66	83
P97351	66	82
P97351	66	82
P97351	66	83
P97351	66	82
P97351	66	82
P97351	66	83
P97351	66	83
P97351	66	82
P97351	66	82
P97351	66	82
P97351	66	83
P97351	66	82
P97351	66	82
P97351	66	83
P97351	66	82
P97351	66	83
Q3V1Z5	156	168
Q3V1Z5	156	168
Q3V1Z5	78	94
Q3V1Z5	78	94
Q3V1Z5	169	191
Q3V1Z5	76	94
Q3V1Z5	38	49
Q3V1Z5	40	49
Q3V1Z5	78	94
P62702	212	221
P62702	135	145
P62702	135	145
P62702	128	134
P62702	54	63
P62702	54	62
P62702	231	240
P62702	231	240
P62702	52	62
P62702	149	155
P62702	149	155
P62702	175	191
P62702	175	191
P62702	175	191
P62702	175	191
P62702	175	191
P62702	156	168
P62702	156	168
P62702	175	191
P62702	156	168
P62702	156	168
P62702	156	168
P62702	156	168
P62702	175	191
P62702	156	168
P62702	156	168
P62702	175	191
P62702	156	168
P62702	175	191
P62702	175	191
P62702	156	168
P62702	156	168
P62702	175	191
P62702	156	168
P62702	156	168
P62702	156	168
P62702	175	191
P62702	156	168
P62702	76	94
P62702	76	94
P62702	222	230
P62702	222	230
P62702	222	230
P62702	222	230
P62702	78	94
P62702	78	94
P62702	78	94
P62702	78	94
P62702	78	94
P62702	78	94
P62702	78	94
P62702	78	94
P62702	76	100
P62702	78	94
P62702	78	94
P62702	76	94
P62702	76	94
P62702	78	94
P62702	76	94
P62702	76	94
P62702	78	94
P62702	78	94
P62702	38	49
P62702	38	49
P62702	78	94
P62702	38	49
P62702	78	100
P62702	156	174
P62702	78	94
P62702	156	174
P62702	78	100
P62702	156	174
P62702	156	174
P62702	156	174
P62702	78	94
P62702	156	174
P62702	78	94
P62702	78	94
P62702	78	94
P62702	78	94
P62702	78	94
P62702	156	174
P62702	78	94
P62702	78	94
P62702	156	174
P62702	78	94
P62702	156	174
P62702	78	94
P62702	78	94
P62702	40	49
P62702	40	49
P62702	38	49
P62702	38	49
P62702	40	49
P62702	156	174
P62702	156	174
P62702	40	49
P62702	38	49
P62702	40	49
P62702	78	94
P62702	38	49
P62702	156	174
D3YYM6	168	182
D3YYM6	168	182
D3YYM6	168	182
D3YYM6	168	182
D3YYM6	168	182
D3YYM6	168	182
D3YYM6	168	182
D3YYM6	168	182
D3YYM6	168	182
D3YYM6	168	182
D3YYM6	168	182
D3YYM6	168	182
D3YYM6	168	182
D3YYM6	168	182
D3YYM6	168	182
D3YYM6	168	182
D3YYM6	168	182
D3YYM6	168	182
D3YYM6	168	182
D3YYM6	168	182
D3YYM6	168	182
D3YYM6	168	182
D3YYM6	168	182
D3YYM6	168	182
D3YYM6	168	182
D3YYM6	168	182
P97461	48	55
P97461	64	71
P97461	63	71
P97461	137	146
P97461	183	191
P97461	146	159
P97461	147	159
P97461	147	159
P97461	147	159
P97461	147	159
P97461	23	42
P97461	23	42
P97461	23	42
P97461	23	42
P97461	23	42
P97461	23	42
P97461	23	42
P97461	23	42
P97461	23	42
P97461	23	42
P97461	23	42
P97461	23	42
P97461	23	42
P97461	23	42
P97461	23	42
P97461	23	42
P97461	23	42
P97461	23	42
P97461	23	42
P97461	23	42
P97461	23	42
P97461	23	42
P97461	23	42
P97461	23	42
P97461	23	42
P97461	23	42
P97461	23	42
P97461	23	42
P97461	23	42
P97461	23	42
P97461	23	42
P97461	23	42
P97461	23	42
P97461	23	42
P97461	23	42
P97461	23	42
P97461	23	42
P97461	23	42
P97461	23	42
P97461	23	42
P97461	23	42
P97461	23	42
P97461	23	42
P97461	23	42
P97461	23	42
P97461	23	42
P97461	23	42
P97461	23	42
P97461	23	42
P62754	65	72
P62754	224	230
P62754	202	211
P62754	15	23
P62754	15	22
P62754	120	132
P62754	116	131
P62754	143	154
P62754	117	131
P62754	143	149
P62754	1	14
P62754	1	14
P62754	120	131
P62754	31	46
P62754	31	46
P62754	120	131
P62754	120	131
P62754	120	131
P62754	1	14
P62754	3	14
P62754	3	14
P62754	31	46
P62754	31	46
P62754	32	46
P62754	32	46
P62754	32	46
P62754	32	46
P62754	32	46
P62754	32	46
P62754	32	46
P62754	32	46
P62754	32	46
P62754	32	46
P62754	32	46
P62754	32	46
P62754	32	46
P62754	32	46
P62754	32	46
P62754	32	46
P62754	32	51
P62754	32	46
P62754	32	46
P62754	32	46
P62754	32	46
P62754	32	46
P62754	3	22
P62754	3	22
P62754	32	46
P62754	32	46
P62754	32	46
P62754	32	46
P62754	32	46
P62754	32	46
P62754	32	46
P62754	32	51
P62754	32	51
P62754	3	14
P62754	99	115
P62754	99	115
P62754	99	115
P62754	99	115
P62754	99	115
P62754	99	115
P62754	99	115
P62082	161	169
P62082	50	57
P62082	50	58
P62082	91	98
P62082	91	98
P62082	42	49
P62082	170	179
P62082	161	179
P62082	161	179
P62082	161	178
P62082	161	178
P62082	161	178
P62082	42	57
P62082	42	57
P62082	58	70
P62082	58	70
P62082	58	70
P62082	58	70
P62082	58	70
P62082	180	194
P62082	180	194
P62082	180	194
P62082	121	143
P62082	121	143
P62082	184	194
P62082	59	70
P62082	59	70
P62082	121	143
P62082	184	194
P62082	121	143
P62082	121	143
P62082	184	194
P62082	8	37
P62082	184	194
P62082	184	194
P62082	8	37
P62082	8	37
P62082	8	37
P62082	121	142
P62082	121	142
P62082	121	142
P62082	8	37
P62082	8	37
P62082	121	143
P62082	121	142
P62082	121	142
P62082	8	37
P62082	184	194
P62242	25	37
P62242	26	37
P62242	27	37
P62242	171	184
P62242	185	193
P62242	129	141
P62242	111	123
P62242	99	110
P62242	99	110
P62242	99	110
P62242	129	140
P62242	129	140
P62242	194	200
P62242	60	75
P62242	194	200
P62242	194	200
P62242	129	139
P62242	129	139
P62242	129	139
P62242	129	139
P62242	60	74
P62242	60	74
P62242	155	170
P62242	60	74
P62242	60	74
P62242	158	170
P62242	158	170
P62242	158	170
P62242	158	170
P62242	158	170
P62242	158	170
P62242	158	170
P62242	158	170
P62242	78	92
P62242	78	92
P62242	78	92
P62242	78	92
P62242	78	92
P62242	78	92
P62242	78	92
P62242	78	92
P62242	78	92
P62242	78	92
P62242	185	200
P62242	78	92
P62242	78	92
P62242	158	170
P62242	158	170
P62242	78	92
P62242	78	92
Q6ZWN5	163	172
Q6ZWN5	180	194
Q6ZWN5	109	116
Q6ZWN5	156	162
Q6ZWN5	70	79
Q6ZWN5	110	116
Q6ZWN5	46	52
Q6ZWN5	84	91
Q6ZWN5	71	80
Q6ZWN5	102	109
Q6ZWN5	31	38
Q6ZWN5	109	121
Q6ZWN5	59	66
Q6ZWN5	102	108
Q6ZWN5	71	79
Q6ZWN5	71	79
Q6ZWN5	71	79
Q6ZWN5	139	150
Q6ZWN5	139	150
Q6ZWN5	71	79
Q6ZWN5	139	150
Q6ZWN5	139	150
Q6ZWN5	110	121
Q6ZWN5	140	150
Q6ZWN5	140	150
Q6ZWN5	140	150
Q6ZWN5	140	150
Q6ZWN5	92	101
Q6ZWN5	92	101
Q6ZWN5	92	101
Q6ZWN5	92	101
Q6ZWN5	92	101
Q6ZWN5	92	101
Q6ZWN5	92	101
Q6ZWN5	94	101
Q6ZWN5	94	101
Q6ZWN5	92	101
Q6ZWN5	94	101
Q6ZWN5	94	101
Q6ZWN5	94	101
P14206	90	102
P14206	206	220
P14206	206	220
P14206	121	128
P14206	42	53
P14206	42	53
P14206	43	53
P14206	156	166
P14206	64	85
P14206	167	180
P14206	167	180
P14206	86	102
P14206	167	180
P14206	167	180
P14206	167	180
P14206	167	180
P14206	42	52
P14206	42	52
P14206	42	52
P14206	42	52
P14206	42	52
P14206	42	52
P14206	192	205
P14206	167	180
P14206	18	41
P14206	64	80
P14206	64	80
P14206	43	52
P14206	64	80
P14206	43	52
P14206	192	212
P14206	192	212
P14206	192	220
P14206	192	220
P14206	43	52
P14206	103	120
P14206	64	80
P14206	18	40
P14206	18	40
P14206	192	205
P14206	18	40
P14206	18	40
P14206	18	40
P14206	18	40
P14206	18	40
P14206	18	40
P14206	129	155
P14206	129	155
P14206	129	155
P14206	192	220
P14206	129	155
P14206	129	155
P14206	129	155
P14206	129	155
P14206	129	155
P14206	103	117
P14206	103	117
P14206	103	117
P14206	103	117
P14206	103	117
P14206	103	117
P14206	103	117
P14206	103	117
P14206	103	117
P14206	18	40
P14206	18	40
P14206	192	220
P14206	18	40
P14206	192	220
P14206	18	40
P14206	18	40
P14206	18	40
P14206	192	220
P14206	192	220
P14206	18	40
P14206	18	40
P14206	103	117
P14206	18	40
