P29341	28962400	21874782.6086957	854474.446262413	591363.467374871
P23249	2632140	445585	78358.6431303553	12113.1086454123
Q99PU8	29864250	22957161.2903226	1029788.15847025	745580.941673439
Q9D554	11671573.3333333	5126960	408080.914774762	166017.215044393
Q91VC3	3387615	566550.6	120848.370286977	19133.1777573186
Q6ZQ58	6299000	2857000	227844.714900649	96530.1254849787
P62960	2704640	508186.666666667	104634.939381581	18406.7904764958
Q5XFR0	72122666.6666667	26331200	3095947.13077813	1081185.2744526
Q8BG05	2330400	1142004	116272.159972846	49954.7396398554
Q8K2D3	29830320	22866870	1499734.94474225	1064736.62588311
Q9QXK7	1158766.7	5091090.90909091	61835.9709566679	267423.185530787
Q60865	2364807.5	960025	136570.969343221	54316.0379501464
Q920Q8	4194120	1767546.66666667	242552.362982632	96320.6337900079
Q8CCS6	6573315	2939370	383851.747761088	164184.294998888
P70372	3026840	1189440	186831.861966082	71032.9898189312
Q3UJB9	49337500	18698750	3203419.43805928	1125046.84648743
P68254	12103000	4998712.5	824900.943027976	326080.985780449
Q62318	11076260	5409950	754921.69868818	346059.582781808
O35218	46505000	19155000	3176226.79730561	1210650.37034392
Q9CPN8	10957800	8449000	796025.345460127	574026.120937388
Q3UYV9	11203020	5823900	814403.567991338	413294.101702037
Q76MZ3	19426000	7066352.94117647	1421010.25058034	484116.138643477
Q501J6	4266850	1851920	312769.425195628	124365.674427168
Q9Z204	5684250	2909600	427788.619329042	204102.097708383
P36916	4309630	1935885.71428571	328864.232462143	141504.332245498
Q64012	22990500	10865400	1793733.96778266	825944.716304778
Q9CQQ4	804300	316920	63100.9539117894	23866.0952216413
O88569	5617350	43731000	445003.84160313	3252908.72818128
Q9D903	1326266.66666667	508381.25	105066.225472304	39200.0310233157
Q8VDW0	10913150	5512080	888840.019567127	432563.482656148
Q99J72	4227000	2211000	355675.64955206	169888.870054947
Q08288	2729566.66666667	1075000	229675.987026808	85497.5797501863
Q921M3	4830670	2339653.33333333	415587.250483508	185281.174422439
Q8K4L0	1142680	207001.666666667	99609.1057915801	17077.6188824327
Q9CXY6	18393611.1111111	14276100	1615670.31374285	1169897.87965502
Q9DCA5	3844500	1784530	337695.762059046	153002.24638129
P63101	12402750	6034909.09090909	1097018.71074946	496052.8159501
Q7TMF2	8433750	3205833.33333333	745962.109353434	266253.785293955
P06151	13472800	5095200	1209137.07517046	434616.641924979
Q8CJG0	13073500	6699669.56521739	1175743.63489197	567137.349667875
Q60932	5416040	2660373.33333333	487082.614167613	224722.430115154
Q8CI11	15532615.3846154	6562400	1399807.91077276	558959.47476924
Q9Z2X1	3494590	1572450	320883.875885503	130202.332753098
Q8C2Q3	2886620	1109790	267642.884120279	93721.3211047169
Q9DBR0	3279375	1539000	316092.97659826	135456.156970322
Q9CYH6	2735820	1149750	263883.548033108	98280.4825237002
Q60930	912725	338566.666666667	89575.7577645421	31131.3809483084
Q8BP71	7544000	3875769.23076923	754885.466448893	338257.528520577
Q6PGC1	6747200	3519466.66666667	680793.386237319	336737.312655411
P49312	6211200	2824835.29411765	626710.9142455	274109.687671367
Q9D6Z1	6122333.33333333	3091733.33333333	621179.27224207	303668.090564813
Q9DAW9	9193500	4162005	934077.529605356	410194.78006483
Q9D0I8	6973470	3133130	708518.1519962	292745.804963398
Q8K3Y3	8604533.33333333	4294000	899438.752867569	421100.168884156
Q9Z130	247310	389451.428571429	25851.5121453434	33330.0501730716
Q61656	3024000	1269000	318299.796463981	128767.479324907
Q64737	8834900	4506700	942270.906776288	438956.134633026
Q9CX86	6346560	4921400	676881.328154265	514021.948781973
Q9DBR1	11482163.6363636	5577320	1229713.82566703	472421.707440563
P84104	1970850	797440	211073.589444455	81832.8763802739
Q1PSW8	10512000	5199937.5	1147079.41474976	501300.56034933
Q9ERF3	1705170	696120	186069.768421695	70960.8618727589
Q587J6	3815168	1067626.66666667	433092.347817717	105670.494864641
Q6A0A2	2105220	773520	238981.52649446	80041.954361645
P61327	13634400	10169071.4285714	1607901.81100096	1064943.38363781
O70305	5353600	3993160	631348.877499175	451539.74895926
Q99MJ9	7005000	5396850	826670.924518437	565701.841245328
Q91YD3	9689893.75	4952440	1157073.76934173	565614.906581453
P62869	4696922.22222222	3560270	560861.206550546	393679.082123108
P53996	20190000	8060400	2419265.33289665	953751.515968436
Q9DB20	15865316.6666667	7663080	1934290.40746236	901896.051090617
O35737	9690500	3688615.38461538	1181460.2624917	430542.870505705
Q60668	5082000	2567670	622176.744042095	300136.771366056
Q8VH51	3514857.5	1353180	430315.347328205	162924.693391139
Q9WTQ5	585515.4	7807800	72181.8045580639	925190.238416055
O35682	12195600	4549680	1504504.92837567	526859.885470717
P54823	10107214.2857143	5090833.33333333	1246872.12642315	603785.86923077
Q9Z1X4	9373466.66666667	4883780	1161172.82211713	574873.748067785
P70399	34068181.8181818	13919750	4267387.28981355	1647032.97723249
Q99NB9	8760180	6618418.18181818	1097301.90439831	744842.383924187
Q91VM5	2495226.66666667	1100457.14285714	319784.269054912	133028.016975313
O35286	14672800	6837371.42857143	1880442.64101147	813084.942447905
O88477	2745820	1116430	360541.454729451	130310.738942106
Q8CGC6	2041244.44444444	803565.714285714	268026.761207366	103044.144988884
Q8R5H1	32485200	13485590	4298134.65804971	1667981.29952634
Q61990	6931769.23076923	3453333.33333333	917146.194955604	441159.816968906
P42669	8666400	3952600	1180528.4631607	515074.699970061
P32067	19329333.3333333	14291200	2697681.40164356	1827000.85059977
Q9EQ61	2952180	1312987.5	412018.404513214	167715.969882903
P50580	5985133.33333333	2807550	851680.006235461	387614.764529424
Q9Z1Z2	3047650	1318200	433678.320338756	172651.383212211
P20263	5084488.88888889	2573112.5	733110.59280262	359623.904441525
Q7TQH0	4126636.36363636	1690666.66666667	602054.63313461	229246.725573572
Q9D6V8	35620000	14606800	5276625.5626174	2016106.90623605
Q9Z1N5	1486300	4189616.66666667	220175.423181309	594084.299477449
Q60848	2451820	1146500	364465.223588246	158614.280668493
O89086	4159061.53846154	3130200	630801.515623214	442074.050082665
P09405	21078750	8649750	3438352.38794983	1359910.3539306
Q9CQ49	6891750	3415200	1124177.90759192	531444.447562478
P11260	14349700	109476714.285714	2448585.6654421	17689541.7684936
Q3UKJ7	6272000	4728000	1070233.47482197	764515.61393592
Q8BWW4	8600500	3574050	1488047.45411259	582755.684766768
Q99020	3306714.28571429	1484900	572123.45495435	242074.748092674
Q5SF07	6653280	2667180	1164786.66982905	431360.0224768
Q00899	1707925	772487.5	367864.056206537	156213.585505268
Q61164	4414400	2186266.66666667	1024711.19820571	452962.043166893
Q9DCL9	4043160	2036700	1193735.57224636	576084.454878253
Q6ZPJ3	3615400	1849312.5	1160828.84395509	565016.192671006
Q91WK2	1814050	703441.666666667	620375.759511079	228587.994580751
Q8CDN6	2645340	1092330	909063.614986128	358356.8883391
Q9D1Q6	1437056	528160	507372.166336885	175663.353742049
Q9QY36	380900	736643.47826087	136264.739119182	257798.851825739
Q9WVR4	625316.7	9207500	223858.491937763	3043484.42463409
Q9D0W5	421393.333333333	166584	159015.510073693	60620.5402173362
Q9DC61	6584000	5129600	2637122.03702504	1982436.39594962
Q571K4	3307320	1636800	1356287.13632958	647677.597873457
Q9CXT8	4277900	2143760	1765287.00353815	847068.511524863
O70591	18354000	6456800	7589593.45220385	2566597.52877108
Q8K224	8615000	3275000	3602131.36762983	1263811.57228216
P62320	3118833.33333333	21485000	1337933.54465934	8542171.21291794
Q8R2U4 	21339000	7790014.28571429	9185897.36498194	3151542.99814383
Q61189	1117800	430752	493684.782272991	182526.391961178
P14211	20266666.6666667	7694400	9494137.32830725	3390307.08106177
P62267	83442333.3333334	31418800	39717628.9834103	13869969.3422163
Q9CR46	4341050	2183510	2105326.57544449	979345.641342355
Q9D0I9	37786352.9411765	13475200	18338368.3257919	6143170.18040179
P47964	7399120	3751253.33333333	3593410.358206	1774898.08113285
O70133	6226200	2736233.33333333	3057498.77401446	1212360.05305798
P12367	1704720	663540	837716.96537603	308098.147793426
Q8CDG3	2318750	1041075	1151366.61189731	440221.510126495
Q5SUD9	12356923.0769231	4797200	6191322.65538432	2237317.61450698
P63037	9311683.33333333	4621933.33333333	4707763.98936421	2102020.38164421
P62911	9657946.66666667	4244830	4892990.55068422	1967836.97563295
P47753	6329485.71428571	3114600	3253715.8892396	1534780.16682728
Q99JY9	11422400	5200800	5924912.74171352	2602604.94687525
Q8BX17	7593450	3410210	3982724.00473699	1633769.90142778
P05064	5485900	2673860	2905382.93112114	1362053.18343303
P14148	10063312	3718306.66666667	5329622.28902214	1795394.85273121
P35846	6631200	3222880	3529025.77694236	1631223.46917303
Q9DBC7	4629800	2326520	2484490.23697221	1177139.0029929
P28352	5839200	4326030	3172831.10463108	2199468.01105463
Q5SRY7	2879100	1482320	1564409.17134939	775452.066241006
Q9WVQ5	631266.7	2881710	343723.776090537	1468177.64667963
P48962	6534000	4934050	3565159.08633847	2414831.56934168
P61620	5187692.30769231	3836000	2830570.61033019	1916542.52524889
Q61545	2927418.18181818	1374000	1599508.71106515	727733.517071776
P42208	4305600	2150220	2411973.90031722	1163576.4172169
O70378	4015200	2010323.07692308	2260233.54552816	1092047.55101351
Q9WVA3	867430	2480933.33333333	491348.734311067	1374879.93161134
Q9CQM5	3938640	2047520	2234105.87559407	1127710.92060825
Q9CQS8	1165890	450948	661783.707235538	242947.201436353
P36993	18800000	6625454.54545455	10775334.5458468	3736709.49458736
Q8CF89	3750933.33333333	1964000	2154345.47485177	1109648.44848403
P63085	2463390	1253625	1418774.24964349	702392.463815877
P54846	27709500	10882800	16058984.6396483	6001993.58322998
O54992	5002533.33333333	46437000	2929508.98594323	25247371.0776786
Q61171	1125480	550912.5	662751.72261668	311965.823567964
Q8BU04	2425815	1133043.33333333	1431442.31234005	603536.990809875
P09411	4284700	12129600	2537124.28765463	6898325.13139867
P62715	31449857.1428571	12737571.4285714	18948103.5838419	7362180.92811256
Q9QZH3	744100	3333970.58823529	451741.206739177	1788403.24263002
Q62073	3344700	1501500	2034785.63646168	849538.394938311
P99029	5120830	2695330	3123963.64800865	1530451.9551746
Q9CQU0	1806000	843470	1102514.70094023	493596.516066402
Q8BUR9	6181323.07692308	3155900	3781387.43149391	1839798.05565148
P56959	6488000	3280500	3991065.12237271	1900181.21137295
Q61316	4701240	2393640	2910044.73744832	1453135.75743853
P08228	7678800	3705660	4772948.83878979	2180868.99534389
Q8CG48	3840200	2027360	2390283.0193573	1193411.70746876
Q9CQ65	14739340	6063420	9218934.51383833	3735539.50024454
Q91YU8	47080555.5555556	16192500	29631493.5190748	9639665.59965188
Q61510	8677200	4344400	5461243.87296818	2650574.81534318
Q61937	5782500	2991750	3662156.28607725	1759999.98715854
Q9CQU1	7911857.14285714	6088230.76923077	5028110.57491541	3655075.7035228
P80317	4276910	1669085	2740746.41165999	1032079.94285547
O70325	7354757.14285714	3685440	4736028.30689594	2264157.52984088
Q8R035	577028.571428571	221565	375976.568979158	139251.61895976
Q8CCF0	12340250	5802658.33333333	8062904.96217762	3614940.15026682
B2RRE7	3700522.22222222	1500505	2417856.93062978	955943.638959438
Q99PV0	24464700	11938285.7142857	15995893.6202736	7247989.30411872
P68040	17890470.5882353	9255340	12818179.1300345	5766249.68537962
Q8CGY8	7941500	4059393.33333333	5709686.48780206	2814941.61031948
Q60631	5284533.33333333	3868571.42857143	3836460.96438073	2639146.94653556
P61080 	9590800	3483160	6996586.15876934	2462797.96892986
P97379	4940530	2481966.66666667	3710634.28132473	1757215.92938381
P60335	3097880	1520133.33333333	2336390.23598291	1092145.95906765
Q8CI08	4656960	3591100	3521984.33031576	2430788.43713027
Q8BW10	9758016.66666667	4856100	7415726.04042347	3555361.17085293
Q9DBG7	3067956.66666667	1189864	2333148.45293205	871899.890453154
P35550	5556500	2785500	4240329.64729467	2031343.67985269
Q9WTM5	173470	697702.5	132471.883185621	509546.555956526
Q9CQ90	2892820	1504212.5	2221411.33219981	1110858.11738324
P16254	11313214.2857143	8649750	8717636.07123903	6286529.44432295
Q9JIF0	2776400	1091568	2140897.0678313	820691.377573564
Q9JM52	514466.7	3655960	397809.491517723	2527555.2566801
Q60817	8642400	6448000	6696614.89772154	4623220.11750369
F2Z461	7269600	3381600	5632892.67570079	2468481.67789228
P80315	9154980	4664880	7118418.4075841	3367194.14614356
Q9EST5	7897500	3075875	6174815.50660807	2271426.01409411
P80313	6982325	3586261.53846154	5459267.95595786	2761501.12820109
Q99MN1	7246000	3396400	5685096.37335986	2604836.05836637
P17225	24116166.6666667	9116607.84313725	18934280.5646183	7027430.05828299
P80314	20301640	9551900	15983643.1094364	6934594.92265373
Q921F2	32575500	12265961.5384615	25753835.7679318	9199908.88514157
O70251	3447062.5	1039750	2725210.09675358	785749.398183293
Q8C1A5	7621750	3315500	6034031.74820437	2565232.66519884
Q9EPU0	4412330	1975176.66666667	3498025.22948966	1492553.58124158
Q8CCJ3	2989100	1243700	2384540.29631318	904015.057841998
P11983	17402366.6666667	8859025	13950177.9114957	6545980.08612716
Q8R010	3448000	1599700	2764004.13576911	1194433.81369094
P38647	12184444.4444444	4642333.33333333	9774131.85580152	3518660.99925777
P57776	7051132.5	2818858	5656285.69295592	2075963.6144267
Q9D8N0	22781000	11209000	18337933.5811468	8351870.75848144
Q3U0V1	7575200	5681460	6097779.48570752	4396743.04077816
Q9CY58	43418000	18197285.7142857	34974253.6687546	13546357.82285
Q4U2R1	23296500	9770657.14285714	18778908.6838759	6683264.34737284
Q6P5D3	11634240	6133200	9378161.12146874	4493298.3251327
P58252	4946133.33333333	2567152.94117647	3992524.1413105	1959661.97922398
P34022	23505600	8731680	19079250.6146195	6687345.17090621
P61255	6279150	2150040	5128615.0105285	1656888.91631341
Q8BVQ5	4698400	2126600	3842831.03192788	1654132.0998691
Q3URK3	5977200	2979200	4905736.74418211	2321517.18713559
Q8BFR5	2689830	1094917.5	2224552.26713975	856185.846049326
P09103	33701000	11610000	27890840.2986516	9224001.56968685
P97801	16168430	7800735	13436706.8399666	5788904.8402049
Q9D8E6	35870333.3333333	16233700	30058877.8495842	13079669.5037861
A2AKX3	49078571.4285714	18678750	41557050.2945923	15220824.7597311
Q9Z1D1	521433.4	2657050	450798.587947447	2224828.79314804
Q8VC52	2880000	1126680	2493321.30869662	952091.360192418
P31154	1950360	719280	1688497.96792692	605112.178971304
Q61584	4534825	1746024	3942325.44471023	1425760.34878174
Q6A4J8	75135	5634.66666666667	65329.1018172333	10444.6372983842
P70168	157954.285714286	31376	137614.815921141	60282.560194861
Q8R3N1	107658.333333333	19361.6	94065.8220474734	36345.4593001278
Q8VC57	3207760	1306880	2804155.21140758	980867.239206578
Q9CWZ3	108835	19658.5	95218.7226596675	36902.7978912674
Q9CWH6	115765	27672	101299.439971999	53607.8047638286
Q7TT37	121370	38325	106464.912280702	76382.8681585279
P63242	125540	39761	110335.735630163	79722.9772324875
Q5F2E7	2582600	921120	2273356.92842819	772409.240488991
Q6ZWV7	6576705	3215125	5793218.01716777	2728566.04121855
P14115	19018500	88164000	16764430.3831575	66927085.2922375
Q6P9R1	136154.545454545	39939.5	120161.102686917	74404.4700501518
Q3ULB0	142470	46615	125768.008474576	90729.1282197524
Q9CRT8	148644.117647059	50540	131462.030288369	82249.1504955904
Q8K2V6	364293.333333333	133946.666666667	322583.311195726	259397.396981424
Q9JMH9	183314.3	140126.666666667	163018.497109827	285493.764611365
Q9QYJ0	187418	146956	166860.754985755	295994.413915433
A2ARL5	195023.333333333	76957.5	173833.080785572	161974.040573902
Q3TQQ9	395585	160116	353832.737030411	349715.249840712
P97357	211050	84520	188909.77443609	187871.060050598
Q9WUA3	214060	172210	191741.311357936	385983.692175712
Q9JKY0	216406.7	175415	193947.571249328	391017.243485076
Q3U2X6	218703.333333333	88882.3529411765	196304.939712174	210575.732252242
Q3TY86	220236.666666667	89060	197716.731005177	201650.980723102
Q02395	449080	178733.333333333	405050.960584468	403171.738591598
Q80Y44	225365	90025	203306.269733875	203444.952538201
Q6PE01	457866.666666667	181725	413535.645472062	431226.325134351
Q9R1P0	238915	184490	215861.040838453	408080.474330925
Q8VIJ6	483455	191213.333333333	437238.853215158	445169.798022986
Q64511	245153.846153846	97350	222482.844317857	226643.608382632
P24622	252900	99607.5	229554.325133884	240158.147006276
Q3TJW2	263316.666666667	101204	239031.106269668	247328.687057102
Q91YR7	270060	107160	245308.384049414	251909.602486992
O35345	272877.777777778	110990	248409.447226015	272413.966727713
Q78ZA7	273165	111082	249033.640258911	267893.285775401
Q9EP97	282900	114360	258191.110705485	270960.419043266
Q8C4M7	568140	231640	518707.203505889	581029.778655658
P31230	1153633.33333333	235560	1054226.42203298	200901.75373318
Q6A068	291685	120345.454545455	266720.007315289	299417.378309514
Q9CQD0	299360	125540	273813.226012988	311625.346355845
Q9R1X4	302966.7	127015	277162.839630409	316804.920904653
Q9CR57	8041560	3219930	7358824.86645082	2705931.74849123
Q6PIC6	304155.555555556	130630	278862.707944949	339439.224196524
Q8R1F9	619926.666666667	273180	568635.724331927	741910.873060429
Q7TMK9	312770	138440	286918.631318228	387508.687252031
P62281	42270000	19367010	38815533.38046	17169773.5737113
Q8BT14	871284	284670	800079.327794198	253711.275807379
P62717	8904543.33333333	3702020	8199532.32320916	3013081.99062703
P63168	314800	142472.222222222	290004.606172271	319691.561757825
Q8VEM8	320190	143066.666666667	295514.536225196	324605.529423008
Q5U4C1	324762.5	143670	299789.993538263	332823.854931969
P47963	74927428.5714286	28793700	69186662.1312974	25168490.8284264
Q62093	325150	143750	300480.547084373	335557.954272809
Q9WTX5	326960	145690	302628.656053314	350132.712111134
P67984	16142000	8372653.33333333	14946620.6956361	7431019.43298412
Q9CRB2	329140	146185	305239.729203376	354502.37290908
P23198	665820	300410	617643.784786642	729512.570442232
B2RY56	690400	320240	641039.925719591	782534.045759844
Q9JKX4	351100	163866.666666667	326817.462533743	401255.847002627
Q8BK64	352775	165410	329173.276103387	405315.811500705
Q7TPD0	357480	167306	333688.042565108	411384.99824979
P97358	357700	167822.5	334142.923867352	412655.008599664
Q4VBE8	727000	341570	679566.27406992	856338.547583853
Q9CZA6	364100	170850	340630.554775938	429223.851636743
Q8BY02	368433.333333333	175815.384615385	344781.333832429	441698.311744869
P12970	35803333.3333333	17845930	33521667.3656463	15644234.3373665
Q497V5	737257.142857143	356973.333333333	690768.42767464	905563.811577372
Q9CPN9	369355	179607.5	346324.425691514	459749.369139083
P62862	44081000	15279940	41357728.5629461	13362945.3933608
Q3UT11	750260	365980	704469.483568075	940719.630774082
Q5U4C3	771425	378000	725023.496240601	985862.355855472
Q02614	774260	378340	728441.057484241	988117.983694442
Q9CPS7	779120	381026.666666667	733427.468699991	1026663.83802909
Q6ZPL9	395450	192885.714285714	373030.84614659	528808.84093817
Q9Z248	398640	194060	376608.408124705	534615.912002223
Q8R323	398955	194954	376977.227629217	552178.132763356
Q9ERK4	403787.5	196130	381723.86084326	576296.088089749
Q80UW8	404775	207400	383164.521014767	609411.149083843
Q80X44	410640	208945	389416.785206259	614376.586003616
Q8CFI7	823400	424360	781659.388646288	1247777.39614011
Q3TKR3	836060	435210	794054.516098395	1292159.00634694
Q80TP3	4168791.66666667	10927500	3960353.67945897	10038941.1596753
Q9JKB3-2	852260	444960	812527.40966727	1321107.2159742
Q05AH6	861800	448353.333333333	822406.718198301	1421789.64105204
Q8BMF4	433895	224210	414496.56094765	729471.000052816
A2RTL5	434350	225070	415129.503966358	753377.929763004
P00375	7443200	3465672.72727273	7115292.18791374	3212166.00574879
Q9CZD3	442825	226803.333333333	424283.798026253	774594.814731929
Q3USH5	887046.153846154	457420	850557.247910781	1598358.85620086
Q8BKI2	445820	229800	428014.592933948	802988.205926625
Q6PG16	903160	460040	867755.572636434	1672297.13876391
Q99J62	454815	230344.444444444	437448.302394922	869865.775173504
P62843	15094670	7557800	14519977.4921047	6884958.23198764
O35593	459100	232553.333333333	441739.632444915	878816.294162815
Q9CR62	459950	233205	442600.076982294	890489.574409811
Q9CTH6	465112.5	243195	448214.801965886	953421.109256265
Q8BP47	26110133.3333333	11928000	25168335.8040826	10670369.8119101
Q6PDZ2	473870	247516.666666667	457006.461568136	215213.169869287
A2A7A1	469350	246750	452647.314109364	974762.050246583
P63323	51351130.4347826	19505720	49533207.1937346	18175275.217321
Q6ZQ08	43325142.8571429	17127600	41820331.7478582	14613089.7889301
Q8BYK6	5051130	2521011.11111111	4875689.22734048	2269844.6932712
P59326	3848250	1908690	3714588.82846274	1772293.14463768
Q9R0P5	724060	1456140	698911.242028644	1182794.46278723
Q9CQR6	478330	249377.777777778	462243.911867027	217265.880621866
Q9DCH4	1009200	398226.666666667	976175.27184638	362338.368764376
Q8R081	8294377.77777778	4217200	8028518.30993348	3996535.1613158
Q922J9	479900	251530	464614.193048698	219772.826561817
Q922Q2	480830	253875	466327.2233537	222112.860892388
P62315	490233.333333333	255625	475677.598809755	223683.059152958
P41105	73262538.4615385	26254416.6666667	71160452.7500995	23321995.1260755
Q8BIR2	500500	257443.333333333	486158.329286061	225827.485380117
Q925I1	1012117.64705882	518183.333333333	984454.476275482	455425.67527978
O54941	1023100	521520	995717.761557177	460259.465184009
Q6ZWY3	7707600	4010940	7502033.48426204	3459651.63360529
P61982	518933.333333333	264970	506523.507401985	233907.132768362
Q9CZM2	61758529.4117647	23621850	60320082.4126352	20419899.5506757
Q80SY5	1056000	533760	1031753.78602833	472061.554789069
Q3URR7	1059866.66666667	535523.076923077	1035632.85779428	474207.98452411
Q91VE6	535620	268066.666666667	523475.371383894	238387.431451015
Q3URS2	566441.176470588	288460	553760.070848165	256819.800569801
Q9WVB0	573700	293926.666666667	561625.061184532	261990.076358558
A2AGT5	573950	298233.333333333	562034.860947904	266756.112104949
P47915	14603066.6666667	7651144.44444445	14302539.9003484	6799376.32258604
Q7TSZ8	1150896.55172414	597580	1127556.13963372	534890.798424633
P20029	77475000	30527500	75933202.2036114	26177881.8561546
P19253	62877272.7272727	23776500	61625978.2382914	21238899.5046453
Q9CY58-2	592850	303980	581054.591786729	272285.919025439
Q08943	1191083.33333333	611330	1168186.87066824	547884.925613909
Q8K3F7	1201614.28571429	616883.333333333	1178977.90984526	553705.532118601
P86048	10361460	4194820	10169348.8317553	3733563.84661296
P62751	27965250	13839480	27465779.3164396	12766197.3392271
P14206	25777440	12928890	25317044.4885264	11864856.3459955
Q3THE2	1247533.33333333	628400	1225956.49895178	564143.998563605
O09167	21799800	16225000	21425292.4841668	14708536.5588646
Q9CZU3	1247800	632066.666666667	1226459.60290938	570097.110730285
Q64368	1248300	634140	1227675.05900865	572070.365358593
A2BE28	641800	323162.5	632003.938946332	291873.645231214
P14869	116040823.529412	44861111.1111111	114284713.100082	40504949.2477426
Q9D880	660600	330766.666666667	650837.438423645	298849.536200458
Q9R0X4	366500	1379490.90909091	361203.831988279	1211657.91717927
Q6PAQ4	1385840	688750	1366032.52833908	622908.564710138
Q9WTQ8	695600	692720	685996.055226824	628659.587984391
P27659	7540909.09090909	2729580	7437091.16706583	2470163.31806242
O70503	704800	348933.333333333	695343.330702447	316722.640767299
Q80VD1	1416500	710433.333333333	1399288.74839474	644910.433309126
Q99NF7	717200	356050	708555.621418692	323417.204105732
P35980	15503750	92810000	15332757.8448409	83252488.0251904
P49718	1440400	718640	1427976.60354912	654201.183431953
O35344	722710	361901.960784314	716689.805632685	329931.58973864
Q61464	736200	368533.333333333	730284.693978772	336345.106628943
Q9QUK9	776160	765628.571428571	770000	699012.664501572
Q8VCG3	1599444.44444444	788844.444444444	1587222.82866373	721328.131350077
D3Z0M9	1599720	791428.571428571	1590495.12825611	723889.665625694
Q9DCH2	823000	398640	818579.669783171	364687.585765255
Q8BG17	1652280	800630.769230769	1644059.70149254	734052.231805968
P62830	83062800	32373000	82718068.8713344	27569760.051579
Q8QZY1	856800	411980	853726.584296532	377893.9644102
P17918	864280	413250	861523.12599681	379093.661132006
Q62189	1732300	826611.111111111	1727980.04987531	761502.635754133
P26040	872040	414585	870125.723408501	382634.979233964
A2A799	1831766.66666667	854620	1833636.97638258	788904.273977661
P63038	12297780	6203230	12314840.1655417	5776558.64848669
P61961	917600	428533.333333333	919052.102321668	396020.084403783
P56383	917950	429188.235294118	919927.844866463	397249.384759457
Q91WK0	1859538.46153846	865450	1865788.85420003	802605.953816192
Q8R2U2	1885666.66666667	874830	1892935.53913695	811530.612244898
Q7TND5	1920300	901142.857142857	1932707.9852654	836715.744793739
Q9D7S7	12550766.6666667	6272216.66666667	12646827.2277015	5632569.27645214
Q8BP67	2582800	647533.333333333	2606178.55989404	609849.445145241
Q9CY57	8507500	3989250	8590459.1643038	3700098.37567
P62264	7663680	3125655	7738410.82436577	2858146.73119266
Q8BVE3	1946700	908866.666666667	1968292.16505061	846008.253436346
P84099	13495333.3333333	6990086.66666667	13645834.381782	6509280.19939258
Q8K0H5	1002166.66666667	459530	1014924.26467361	457881.626145875
Q3UL36	1016820	460300	1031205.31413214	458831.738437002
Q9JIF7	1050133.33333333	476740	1065908.78332657	475551.122194514
Q9D7Z3	1054900	480670	1071334.267666	479614.847335861
O70194	2111475	966000	2144761.70160897	966986.326052574
P62307	1064475	483571.428571429	1081981.46002317	484336.680526661
Q7TSI3	1085464.28571429	496790.909090909	1104225.0696476	497861.310909364
P53026	4543440	2250780	4622857.93228703	2072482.36725062
Q9WTX2	1147000	508610	1167905.50860401	510319.570561381
Q99MR6	1162166.66666667	510400	1183999.61965307	512367.491166078
Q62167	8493600	3432000	8654054.2675838	3384033.47108573
Q9ERA6	1188550	522183.333333333	1212521.55106455	525557.411917846
Q505D1	1231500	528261.538461539	1256632.65306122	534120.844121552
Q9CZ92	1257650	532133.333333333	1284810.90247839	538907.399343076
Q8K370	2614866.66666667	1093739.13043478	2672376.20254545	1109212.64685846
Q9D384	1416942.85714286	588645.161290323	1448520.60636154	597487.983445313
Q6ZWN5	23409400	11841480	23934438.4444599	11263486.5202918
P62889	3566260	1390203.33333333	3648774.23281512	1301931.43071513
Q65Z40	1422400	594881.818181818	1455810.85921908	604149.471068001
P70388	1573450	608823.076923077	1610887.01421025	618420.970383428
P62137	1702625	645371.428571429	1744546.45122289	655985.270243976
Q08509	3681500	1367733.33333333	3772879.13259136	1391372.75646569
P62192	3701400	1424700	3794245.17954343	1450666.93819367
P54276	3760666.66666667	1442200	3859152.23161755	1469293.77725254
P62082	47886545.4545455	21907862.0689655	49164615.5988274	21415832.3461114
P14131	48527562.5	17951320	49822741.0980239	17714270.4396445
Q62191	6270000	3232130	6437343.45166439	3134661.50395336
Q9CPR4	18503125	9502692.30769231	19010137.2580089	9408677.26633676
P99027	3765300	1728906.66666667	3868474.63969361	1704490.50584176
B1AQJ2	1915307.69230769	728625	1968577.39666135	743320.445201636
Q99L45	4696922.22222222	2358300	4835669.69654966	2270181.40639676
Q9CZX8	37620366.6666667	29857925	38731675.4368176	28639921.6739782
P60824	4498325	2090486.66666667	4631205.89581324	1998651.01987108
Q3UZ01	1920166.66666667	736700	1977249.87042586	751734.693877551
P13020	3910375	1483060	4027784.9307308	1515088.9810596
Q8R1B4	1958032.25806452	746712.5	2017529.19399544	763135.168833293
A2AMD0	2073937.5	780380	2140043.44192094	797771.416888162
P62858	46738695.6521739	19178700	48286418.9398507	17525295.7688151
E9Q9P2	2111375	796400	2181735.98553345	815106.698735991
A2A9J5	4295200	1642461.53846154	4443478.89057861	1681540.54062568
Q8JZQ9	2259500	823566.666666667	2339002.70183539	843844.243846293
P62849	58580307.6923077	21202800	60646137.7816814	19573374.6542736
P46935	21955904.7619048	9179490	22730178.0712019	8481793.43796328
P62245	14430240	7456102.5	14939121.3146128	7091349.46676591
Q9JJT0	2366090.90909091	864280	2451755.23707428	885732.439689274
Q9ER69	2591857.14285714	888814.285714286	2688369.61192526	911109.126028195
P62274	15866400	7791200	16482954.0765621	6725580.50873825
O08908	2670600	923550	2774851.1580063	947736.228552664
D3YXS7	2752692.30769231	923583.333333333	2860950.68147949	949270.595651668
P61222	13079500	4611750	13606607.3359743	4360365.76993293
Q6ZWU9	9726923.07692308	4890333.33333333	10118920.6693619	4755587.45565621
P01942	3236333.33333333	1294160	3368724.19416398	1332633.11812013
E9Q286	6549800	2609685.71428571	6820079.76092548	2688042.14274678
B1AVB1	3334400	1327000	3474238.08283407	1367322.33567918
O70311	3489846.15384615	1385550	3637795.28821798	1429713.86117159
P97461	13563000	6808633.33333333	14138963.1142881	6613921.9303901
Q9Z2N8	585515.384615385	1456433.33333333	611063.969166225	1504968.56970636
P47955	6392400	3133840	6673102.6048506	3009170.18748374
Q60872	4612650	2350080	4828569.44715003	2305111.97780029
P16460	1184911.11111111	2946800	1241043.50902428	3048529.42697826
P62702	8182504	3139106.66666667	8571468.5501386	2982436.69688309
P11440	30490000	11662307.6923077	31939376.5152728	11728587.2852877
P25444	5875256	2016375	6154542.91595985	2027015.75617783
O35130	1188500	3039882.35294118	1245154.53116815	3146843.5657407
F6RSK3	596875	1599400	625379.811822887	1657306.28147473
P97351	22629600	11398986.6666667	23721760.5159579	10920761.2926061
P11499	17888000	7496450	18816419.0263989	7621392.65897826
P62301	11514360	4739377.5	12120374.0625402	4635825.79198777
Q9QXP6	553633.4	3881333.33333333	582771.765127713	3842254.59067213
Q3TXS7	3503530.43478261	1384530	3708432.29218748	1385960.22732828
Q8R1Q8	15830100	6027660	16790793.014633	5629883.90893137
P60867	9381120	4252600	9950438.98430421	4077939.22120684
P35922	16938960	12678276.9230769	17979405.2794722	12605118.7034313
P62242	15478400	7496160	16474747.4320861	7367342.22598474
E9Q5C9	612233.333333333	1992307.69230769	652596.422036277	2066494.85769909
P25206	641800	476740	684418.755931878	495350.311191463
Q5SQX6	18579600	8385507.69230769	19816737.1735419	7756178.08679171
Q9CQR2	4053262.5	1571976	4323152.14847861	1511752.75202398
P17095	641950	478330	686371.995552134	497141.84750977
Q91W50	1039580	191332	1112650.72511035	183281.214544228
P62270	12428111.1111111	5819800	13301666.8650126	5721794.67841039
H3BJ44	656290	483000	702658.429781266	502758.405329447
B8JJZ4	1321920	988150	1415498.61332705	1028926.3513021
Q99JX4	3237500	1683185	3467462.29008233	1631355.17412814
Q80WW9	695600	522183.333333333	745783.791317773	544082.660415039
Q8CIE6	700800	523082.352941176	751778.070994111	545257.995623171
P30999	708250	530350	760332.796564681	553491.478725514
O55029	1432566.66666667	1062200	1538078.87767518	1112519.24547273
P07724	717200	532133.333333333	770859.532024205	557499.563471276
Q9CQH8	722710	542814.285714286	776790.128764591	568737.333369256
P62309	726355.555555555	550660	781800.873504494	586963.705164419
P60843	1488200	1110825	1603871.19024012	1184589.38073859
P08775	1501233.33333333	1127111.11111111	1618999.34574265	1205105.54177477
Q924C1	1547440	1189763.63636364	1669604.99768027	1273823.23140399
Q8VEJ4	1553625	1197620	1677527.1557216	1282399.4260566
Q9CY50	799860	625950	863714.40603842	671108.919171018
Q9D2L9	815490	636900	880848.995463383	683229.813664596
P63276	35251000	15346500	38149500.944176	15120689.3761485
P18760	3736333.33333333	1673320	4043552.01349625	1633550.70207417
P62852	2900880	829680	3145938.82576467	813223.819890327
Q9DBZ5	1400315	566230	1533418.4006393	582472.678080631
P62754	64237333.3333333	27578200	70440834.6599834	25357117.7483461
P47754	1603800	616740	1758681.51377726	654875.642592797
P47911	23090880	17279040	25373510.8755616	16773933.9526742
P17182	19896500	7784530	21908863.8065561	7684879.96558509
P54103	7926666.66666667	3103500	8752616.19517945	3157905.7191511
Q8BWY3	4443175	2178660	4906148.71274387	2277668.2275426
P62855	24648000	9529125	27235164.6213482	9584542.80324763
Q99KP6	11247200	3887200	12937562.9828929	4404682.09581647
Q922B2	7795060	3922940	9167701.86149309	4349904.93568283
Q8BGD9	2800275	1471840	3304812.70928578	1604394.82679967
Q9DBG6	12242000	6169000	14558273.5018633	7126750.09488871
Q8BU30	4190260	1694230	5080743.96520164	1852450.61004859
P35979	22086000	16536600	27153386.8221847	19821572.8980828
P62900	81207750	33602400	100117163.433183	39257059.5391095
P80318	4696200	2329125	5829991.78570493	2780711.82373222
Q01320	28004200	11512783.3333333	35128530.2158468	13701062.8040953
Q9D1R9	6078945	2411490	7785668.7552313	2887220.32687092
P47757	5078080	3834950	6590021.27761853	4684012.50284557
P51410	21006160	15730400	27393098.392959	19176262.5832644
Q9CXW4	18647633.3333333	9278360	25001116.8131732	10190745.9475779
P52479	7975800	5961490.90909091	10745265.5623654	6595525.59827018
P62908	30947272.7272727	12070000	42012314.7318865	15495797.4470962
Q8CGC7	10298880	5376840	14117527.6145494	7085971.2161417
P61514	12472560	9207900	17239974.1298601	12162519.3667599
P47962	6567440	2228600	9096623.32525041	2898454.0353287
P13864	4742800	12097866.6666667	6573852.25366279	16103415.5436031
P51881	6296400	2840730	8849078.30398159	3853659.45779336
Q8R050	1939763.63636364	648806.666666667	2752763.88187182	852730.438743147
Q9WV55	343566.7	953200	515363.445420264	1370781.04808941
Q9JJY4	13218240	10329230.7692308	20399447.741171	14819404.3815846
O08528	4315500	22798533.3333333	6660025.59546683	33280960.5505565
O54825	12128657.1428571	9160200	18730894.8870207	13329380.4427259
P70398	7373483.33333333	3704387.5	11387240.9485335	5382688.87474618
Q9WVG6	382575	1122640	590829.803085179	1661281.8544441
Q3THS6	17453153.8461538	6189750	26991174.5771653	8606615.51149646
Q920A5	11117000	4991450	17204280.0332107	7212623.95463267
Q60972	10382400	4580100	16314332.674099	6702300.88690839
P80316	9408000	4762800	14783214.0736172	7266216.00776344
P35564	10658700	4695300	16876684.2771242	6680332.33413913
P61358	74466000	28610555.5555556	118974613.620605	44749956.2345787
P17742	10460100	7795060	16758542.0531504	12100448.985283
Q99L47	3050685	1246923.33333333	4887623.71902899	1900420.2573331
Q9EQS3	2928100	1206650	4993200.45317151	1961297.37361149
P61965	2036545	841386	3548289.4284727	1393297.38172549
Q9D7G0	1283422.5	424237.5	2240772.49646374	693075.145458643
P10639	22781200	8617212.5	39967954.5927843	14141133.6330646
P07901	6646500	3329100	11685072.8832004	5417553.9449929
Q8BMA6	7516800	3186600	13297827.0886003	5437180.77746767
Q91VR5	4788940	2278315	8530949.71886272	3838271.51797825
O55142	14746966.6666667	11011000	26747762.9021988	17856357.8426424
P46471	5142400	2677680	9831706.40238812	4971179.51144094
Q922D8	7832333.33333333	3558000	15278618.1863433	6595247.19137206
Q9JJI8	15642130	12262057.1428571	30619208.2638625	23559032.3121848
P62918	19156666.6666667	9464411.76470588	38366483.7238203	17766527.1771841
P13439	3780685.71428571	2836800	7571860.98427124	5325221.00149794
P52624	3233880	1511865	6571697.82804894	3013192.0409261
Q61699	1726100	623366.666666667	3507677.34764286	1207622.09319692
Q9Z1Q9	11411125	5784166.66666667	23237277.1753281	11597570.1686472
Q9CQN1	5094600	2461440	10374492.6374417	4585489.02115063
P14602	6217500	2836800	12687488.4377546	5521407.07784605
P63325	28688666.6666667	21344000	59031332.9610456	41334197.9979955
Q8K0V4	4027100	1681330	8286376.07071644	2736208.23511577
P52480	32661600	14864500	69191531.1202218	30284899.8339524
P83882	10582400	7945440	22652446.2444598	16003469.4473192
Q6P542	29407200	12581600	64182030.1706598	26480753.5183005
Q9QZD9	524000	1862350	1175796.76759595	4067627.19241581
Q99KV1	3200700	1505280	7262103.34126902	3345936.45614014
P35700	16631300	12577933.3333333	38527830.2953299	28191609.941002
Q9D823	14616966.6666667	7497742.85714286	34120622.138021	16713204.3688391
Q922K7	2918571.42857143	981760	7014121.28338102	2325937.87242312
Q9EPU4	9695730	4976693.33333333	23512393.8303229	11268303.2946866
Q9D710	3280618.18181818	2564666.66666667	7966619.62803403	5785161.05319612
O08583	6468300	2950000	15805848.6391094	6666621.60497299
Q9CQE8	17158514.2857143	7122050	42015586.9590376	16900346.3966053
P07607	7104000	3341333.33333333	17407433.1957016	7390822.76310043
Q64152	17643200	8939000	43382471.645492	20811168.1081905
Q9D0T2	11520900	4836000	28328484.4915066	11258844.2746626
Q01853	13630320	10379700	34172112.3983463	25025921.9283793
P17751	7048000	5242333.33333333	17706583.0045992	12323573.2185919
Q62186	1715075	792275	4308756.78867947	1936211.37048107
Q1HFZ0	12546800	4733516.66666667	31828506.4181236	11617948.0289973
Q9DCG9	3783033.33333333	1882860	9683600.00797362	4540839.66848879
Q9D7B1	6077000	2615411.76470588	15620397.8256028	6196861.38278588
P21107	5407264.28571429	15430500	14102693.9350461	38704800.5506222
P52332	6904800	2644600	18033401.3157831	6579718.3754727
Q6P4T2	4036960	2072700	10877456.1209274	5145020.35519962
Q9CQM9	2608480	1267500	7151319.06226691	3161439.49334054
P68037	4525285.71428571	2245090.90909091	12466710.0340796	5833820.07526975
P63017	77672000	29215200	219994357.274	79343562.9937589
Q99LF4	11206066.6666667	5556040	32927203.2981846	15551963.0650085
Q8BKC5	49470235.2941177	18084275	145360235.95003	51312476.790395
P42932	13503960	6713100	39706701.9662083	19063786.6188599
P24547	10881600	5465625	31995981.039302	15264046.9135467
P27773	22138800	8220400	65731140.8508848	23925468.723027
Q99J93	13002960	6384546.15384615	38606401.2158934	18647260.9057681
Q8R4K2	3589200	1747800	11381843.2924865	5464728.26590603
P19182	20163200	8537600	65601309.7911107	27173726.4785722
P08003	63503588.2352941	25517000	212565876.559418	82225408.2675281
Q8C0M9	6586160	3196200	22493520.3112602	10583006.0388407
Q80WE4	11656500	5878871.42857143	40731209.8450118	19930205.26694
Q9WVJ2	886966.7	5475200	3099320.27480269	17932299.851322
Q922Q8	80852000	27853050	293906113.084383	95456197.0443494
Q8VDM4	46687333.3333333	17596800	176308629.881363	62650092.5877286
O88685	14700230.7692308	6057260	55551998.0848274	22235331.7629306
P54775	4011685.71428571	2982000	15318557.939925	10681615.7687114
Q8BG32	4156800	1938600	16296308.9987724	7310842.42427772
Q9D8W5	15794000	7174950	62392672.0226728	26725402.9363324
